wall,cpu,seed,pinned,pumps,paused,state,phase,path,computing,waypoints,clearanceProbes,moving,speed,x,y,z,targetId,targetDist,stillFor,failure
1789507355.924,7841.684,0.000,nil,0.000,false,DORMANT,DORMANT,IDLE,false,0.000,0.000,false,0.000,0.000,0.000,0.000,0.000,-1.000,0.000,
1789507356.189,7841.949,0.000,nil,0.000,false,DORMANT,DORMANT,IDLE,false,0.000,0.000,false,0.000,0.000,0.000,0.000,0.000,-1.000,0.000,
1789507356.455,7842.215,0.000,nil,0.000,false,DORMANT,DORMANT,IDLE,false,0.000,0.000,false,0.000,0.000,0.000,0.000,0.000,-1.000,0.000,
1789507356.720,7842.481,0.000,nil,0.000,false,DORMANT,DORMANT,IDLE,false,0.000,0.000,false,0.000,0.000,0.000,0.000,0.000,-1.000,0.000,
1789507356.988,7842.749,0.000,nil,0.000,false,DORMANT,DORMANT,IDLE,false,0.000,0.000,false,0.000,0.000,0.000,0.000,0.000,-1.000,0.000,
1789507357.254,7843.015,0.000,nil,0.000,false,DORMANT,DORMANT,IDLE,false,0.000,0.000,false,0.000,0.000,0.000,0.000,0.000,-1.000,0.000,
1789507357.521,7843.282,0.000,nil,0.000,false,DORMANT,DORMANT,IDLE,false,0.000,0.000,false,0.000,0.000,0.000,0.000,0.000,-1.000,0.000,
1789507357.787,7843.548,0.000,nil,0.000,false,DORMANT,DORMANT,IDLE,false,0.000,0.000,false,0.000,0.000,0.000,0.000,0.000,-1.000,0.000,
1789507358.054,7843.814,0.000,nil,0.000,false,DORMANT,DORMANT,IDLE,false,0.000,0.000,false,0.000,0.000,0.000,0.000,0.000,-1.000,0.000,
1789507358.311,7844.071,0.000,nil,0.000,false,DORMANT,DORMANT,IDLE,false,0.000,0.000,false,0.000,0.000,0.000,0.000,0.000,-1.000,0.000,
1789507358.572,7844.333,0.000,nil,0.000,false,DORMANT,DORMANT,IDLE,false,0.000,0.000,false,0.000,0.000,0.000,0.000,0.000,-1.000,0.000,
1789507358.837,7844.598,0.000,nil,0.000,false,DORMANT,DORMANT,IDLE,false,0.000,0.000,false,0.000,0.000,0.000,0.000,0.000,-1.000,0.000,
1789507359.106,7844.866,0.000,nil,0.000,false,DORMANT,DORMANT,IDLE,false,0.000,0.000,false,0.000,0.000,0.000,0.000,0.000,-1.000,0.000,
1789507359.371,7845.132,0.000,nil,0.000,false,DORMANT,DORMANT,IDLE,false,0.000,0.000,false,0.000,0.000,0.000,0.000,0.000,-1.000,0.000,
1789507359.637,7845.398,0.000,nil,0.000,false,DORMANT,DORMANT,IDLE,false,0.000,0.000,false,0.000,0.000,0.000,0.000,0.000,-1.000,0.000,
1789507359.904,7845.665,0.000,nil,0.000,false,DORMANT,DORMANT,IDLE,false,0.000,0.000,false,0.000,0.000,0.000,0.000,0.000,-1.000,0.000,
1789507360.171,7845.932,0.000,nil,0.000,false,DORMANT,DORMANT,IDLE,false,0.000,0.000,false,0.000,0.000,0.000,0.000,0.000,-1.000,0.000,
1789507360.438,7846.198,0.000,nil,0.000,false,DORMANT,DORMANT,IDLE,false,0.000,0.000,false,0.000,0.000,0.000,0.000,0.000,-1.000,0.000,
1789507360.705,7846.466,0.000,nil,0.000,false,DORMANT,DORMANT,IDLE,false,0.000,0.000,false,0.000,0.000,0.000,0.000,0.000,-1.000,0.000,
1789507360.972,7846.733,0.000,nil,0.000,false,DORMANT,DORMANT,IDLE,false,0.000,0.000,false,0.000,0.000,0.000,0.000,0.000,-1.000,0.000,
1789507361.238,7846.999,0.000,nil,0.000,false,DORMANT,DORMANT,IDLE,false,0.000,0.000,false,0.000,0.000,0.000,0.000,0.000,-1.000,0.000,
1789507361.505,7847.266,0.000,nil,0.000,false,DORMANT,DORMANT,IDLE,false,0.000,0.000,false,0.000,0.000,0.000,0.000,0.000,-1.000,0.000,
1789507361.771,7847.532,0.000,nil,0.000,false,DORMANT,DORMANT,IDLE,false,0.000,0.000,false,0.000,0.000,0.000,0.000,0.000,-1.000,0.000,
1789507362.038,7847.798,0.000,nil,0.000,false,DORMANT,DORMANT,IDLE,false,0.000,0.000,false,0.000,0.000,0.000,0.000,0.000,-1.000,0.000,
1789507362.304,7848.065,0.000,nil,0.000,false,DORMANT,DORMANT,IDLE,false,0.000,0.000,false,0.000,0.000,0.000,0.000,0.000,-1.000,0.000,
1789507362.571,7848.332,0.000,nil,0.000,false,DORMANT,DORMANT,IDLE,false,0.000,0.000,false,0.000,0.000,0.000,0.000,0.000,-1.000,0.000,
1789507362.837,7848.598,0.000,nil,0.000,false,DORMANT,DORMANT,IDLE,false,0.000,0.000,false,0.000,0.000,0.000,0.000,0.000,-1.000,0.000,
1789507363.104,7848.864,0.000,nil,0.000,false,DORMANT,DORMANT,IDLE,false,0.000,0.000,false,0.000,0.000,0.000,0.000,0.000,-1.000,0.000,
1789507363.371,7849.131,0.000,nil,0.000,false,DORMANT,DORMANT,IDLE,false,0.000,0.000,false,0.000,0.000,0.000,0.000,0.000,-1.000,0.000,
1789507363.638,7849.398,0.000,nil,0.000,false,DORMANT,DORMANT,IDLE,false,0.000,0.000,false,0.000,0.000,0.000,0.000,0.000,-1.000,0.000,
1789507363.904,7849.665,0.000,nil,0.000,false,DORMANT,DORMANT,IDLE,false,0.000,0.000,false,0.000,0.000,0.000,0.000,0.000,-1.000,0.000,
1789507364.174,7849.934,0.000,nil,0.000,false,DORMANT,DORMANT,IDLE,false,0.000,0.000,false,0.000,0.000,0.000,0.000,0.000,-1.000,0.000,
1789507364.438,7850.199,0.000,nil,0.000,false,DORMANT,DORMANT,IDLE,false,0.000,0.000,false,0.000,0.000,0.000,0.000,0.000,-1.000,0.000,
1789507364.704,7850.465,0.000,nil,0.000,false,DORMANT,DORMANT,IDLE,false,0.000,0.000,false,0.000,0.000,0.000,0.000,0.000,-1.000,0.000,
1789507364.971,7850.732,0.000,nil,0.000,false,DORMANT,DORMANT,IDLE,false,0.000,0.000,false,0.000,0.000,0.000,0.000,0.000,-1.000,0.000,
1789507365.237,7850.997,0.000,nil,0.000,false,DORMANT,DORMANT,IDLE,false,0.000,0.000,false,0.000,0.000,0.000,0.000,0.000,-1.000,0.000,
1789507365.505,7851.266,0.000,nil,0.000,false,DORMANT,DORMANT,IDLE,false,0.000,0.000,false,0.000,0.000,0.000,0.000,0.000,-1.000,0.000,
1789507365.770,7851.531,0.000,nil,0.000,false,DORMANT,DORMANT,IDLE,false,0.000,0.000,false,0.000,0.000,0.000,0.000,0.000,-1.000,0.000,
1789507366.037,7851.798,0.000,nil,0.000,false,DORMANT,DORMANT,IDLE,false,0.000,0.000,false,0.000,0.000,0.000,0.000,0.000,-1.000,0.000,
1789507366.304,7852.064,0.000,nil,0.000,false,DORMANT,DORMANT,IDLE,false,0.000,0.000,false,0.000,0.000,0.000,0.000,0.000,-1.000,0.000,
1789507366.570,7852.331,0.000,nil,0.000,false,DORMANT,DORMANT,IDLE,false,0.000,0.000,false,0.000,0.000,0.000,0.000,0.000,-1.000,0.000,
1789507366.838,7852.599,0.000,nil,0.000,false,DORMANT,DORMANT,IDLE,false,0.000,0.000,false,0.000,0.000,0.000,0.000,0.000,-1.000,0.000,
1789507367.104,7852.864,0.000,nil,0.000,false,DORMANT,DORMANT,IDLE,false,0.000,0.000,false,0.000,0.000,0.000,0.000,0.000,-1.000,0.000,
1789507367.371,7853.131,0.000,nil,0.000,false,DORMANT,DORMANT,IDLE,false,0.000,0.000,false,0.000,0.000,0.000,0.000,0.000,-1.000,0.000,
1789507367.638,7853.398,0.000,nil,0.000,false,DORMANT,DORMANT,IDLE,false,0.000,0.000,false,0.000,0.000,0.000,0.000,0.000,-1.000,0.000,
1789507367.904,7853.665,0.000,nil,0.000,false,DORMANT,DORMANT,IDLE,false,0.000,0.000,false,0.000,0.000,0.000,0.000,0.000,-1.000,0.000,
1789507368.171,7853.932,0.000,nil,0.000,false,DORMANT,DORMANT,IDLE,false,0.000,0.000,false,0.000,0.000,0.000,0.000,0.000,-1.000,0.000,
1789507368.437,7854.198,0.000,nil,0.000,false,DORMANT,DORMANT,IDLE,false,0.000,0.000,false,0.000,0.000,0.000,0.000,0.000,-1.000,0.000,
1789507368.704,7854.465,0.000,nil,0.000,false,DORMANT,DORMANT,IDLE,false,0.000,0.000,false,0.000,0.000,0.000,0.000,0.000,-1.000,0.000,
1789507368.970,7854.731,0.000,nil,0.000,false,DORMANT,DORMANT,IDLE,false,0.000,0.000,false,0.000,0.000,0.000,0.000,0.000,-1.000,0.000,
1789507369.238,7854.998,0.000,nil,0.000,false,DORMANT,DORMANT,IDLE,false,0.000,0.000,false,0.000,0.000,0.000,0.000,0.000,-1.000,0.000,
1789507369.503,7855.264,0.000,nil,0.000,false,DORMANT,DORMANT,IDLE,false,0.000,0.000,false,0.000,0.000,0.000,0.000,0.000,-1.000,0.000,
1789507369.771,7855.532,0.000,nil,0.000,false,DORMANT,DORMANT,IDLE,false,0.000,0.000,false,0.000,0.000,0.000,0.000,0.000,-1.000,0.000,
1789507370.038,7855.798,0.000,nil,0.000,false,DORMANT,DORMANT,IDLE,false,0.000,0.000,false,0.000,0.000,0.000,0.000,0.000,-1.000,0.000,
1789507370.304,7856.065,0.000,nil,0.000,false,DORMANT,DORMANT,IDLE,false,0.000,0.000,false,0.000,0.000,0.000,0.000,0.000,-1.000,0.000,
1789507370.571,7856.332,0.000,nil,0.000,false,DORMANT,DORMANT,IDLE,false,0.000,0.000,false,0.000,0.000,0.000,0.000,0.000,-1.000,0.000,
1789507370.838,7856.598,0.000,nil,0.000,false,DORMANT,DORMANT,IDLE,false,0.000,0.000,false,0.000,0.000,0.000,0.000,0.000,-1.000,0.000,
1789507371.104,7856.864,0.000,nil,0.000,false,DORMANT,DORMANT,IDLE,false,0.000,0.000,false,0.000,0.000,0.000,0.000,0.000,-1.000,0.000,
1789507371.371,7857.131,0.000,nil,0.000,false,DORMANT,DORMANT,IDLE,false,0.000,0.000,false,0.000,0.000,0.000,0.000,0.000,-1.000,0.000,
1789507371.638,7857.398,0.000,nil,0.000,false,DORMANT,DORMANT,IDLE,false,0.000,0.000,false,0.000,0.000,0.000,0.000,0.000,-1.000,0.000,
1789507371.904,7857.665,0.000,nil,0.000,false,DORMANT,DORMANT,IDLE,false,0.000,0.000,false,0.000,0.000,0.000,0.000,0.000,-1.000,0.000,
1789507372.171,7857.932,0.000,nil,0.000,false,DORMANT,DORMANT,IDLE,false,0.000,0.000,false,0.000,0.000,0.000,0.000,0.000,-1.000,0.000,
1789507372.437,7858.198,0.000,nil,0.000,false,DORMANT,DORMANT,IDLE,false,0.000,0.000,false,0.000,0.000,0.000,0.000,0.000,-1.000,0.000,
1789507372.704,7858.465,0.000,nil,0.000,false,DORMANT,DORMANT,IDLE,false,0.000,0.000,false,0.000,0.000,0.000,0.000,0.000,-1.000,0.000,
1789507372.970,7858.731,0.000,nil,0.000,false,DORMANT,DORMANT,IDLE,false,0.000,0.000,false,0.000,0.000,0.000,0.000,0.000,-1.000,0.000,
1789507373.237,7858.998,0.000,nil,0.000,false,DORMANT,DORMANT,IDLE,false,0.000,0.000,false,0.000,0.000,0.000,0.000,0.000,-1.000,0.000,
1789507373.504,7859.264,0.000,nil,0.000,false,DORMANT,DORMANT,IDLE,false,0.000,0.000,false,0.000,0.000,0.000,0.000,0.000,-1.000,0.000,
1789507373.770,7859.531,0.000,nil,0.000,false,DORMANT,DORMANT,IDLE,false,0.000,0.000,false,0.000,0.000,0.000,0.000,0.000,-1.000,0.000,
1789507374.037,7859.798,0.000,nil,0.000,false,DORMANT,DORMANT,IDLE,false,0.000,0.000,false,0.000,0.000,0.000,0.000,0.000,-1.000,0.000,
1789507374.304,7860.065,0.000,nil,0.000,false,DORMANT,DORMANT,IDLE,false,0.000,0.000,false,0.000,0.000,0.000,0.000,0.000,-1.000,0.000,
1789507374.572,7860.333,0.000,nil,0.000,false,DORMANT,DORMANT,IDLE,false,0.000,0.000,false,0.000,0.000,0.000,0.000,0.000,-1.000,0.000,
1789507374.837,7860.598,0.000,nil,0.000,false,DORMANT,DORMANT,IDLE,false,0.000,0.000,false,0.000,0.000,0.000,0.000,0.000,-1.000,0.000,
1789507375.104,7860.865,0.000,nil,0.000,false,DORMANT,DORMANT,IDLE,false,0.000,0.000,false,0.000,0.000,0.000,0.000,0.000,-1.000,0.000,
1789507375.386,7861.146,0.000,nil,0.000,false,DORMANT,DORMANT,IDLE,false,0.000,0.000,false,0.000,0.000,0.000,0.000,0.000,-1.000,0.000,
1789507375.654,7861.415,0.000,nil,0.000,false,DORMANT,DORMANT,IDLE,false,0.000,0.000,false,0.000,0.000,0.000,0.000,0.000,-1.000,0.000,
1789507375.921,7861.682,0.000,nil,0.000,false,DORMANT,DORMANT,IDLE,false,0.000,0.000,false,0.000,0.000,0.000,0.000,0.000,-1.000,0.000,
1789507376.188,7861.949,0.000,nil,0.000,false,DORMANT,DORMANT,IDLE,false,0.000,0.000,false,0.000,0.000,0.000,0.000,0.000,-1.000,0.000,
1789507376.454,7862.215,0.000,nil,0.000,false,DORMANT,DORMANT,IDLE,false,0.000,0.000,false,0.000,0.000,0.000,0.000,0.000,-1.000,0.000,
1789507376.721,7862.482,0.000,nil,0.000,false,DORMANT,DORMANT,IDLE,false,0.000,0.000,false,0.000,0.000,0.000,0.000,0.000,-1.000,0.000,
1789507376.987,7862.748,0.000,nil,0.000,false,DORMANT,DORMANT,IDLE,false,0.000,0.000,false,0.000,0.000,0.000,0.000,0.000,-1.000,0.000,
1789507377.253,7863.014,0.000,nil,0.000,false,DORMANT,DORMANT,IDLE,false,0.000,0.000,false,0.000,0.000,0.000,0.000,0.000,-1.000,0.000,
1789507377.520,7863.280,0.000,nil,0.000,false,DORMANT,DORMANT,IDLE,false,0.000,0.000,false,0.000,0.000,0.000,0.000,0.000,-1.000,0.000,
1789507377.787,7863.547,0.000,nil,0.000,false,DORMANT,DORMANT,IDLE,false,0.000,0.000,false,0.000,0.000,0.000,0.000,0.000,-1.000,0.000,
1789507378.054,7863.815,0.000,nil,0.000,false,DORMANT,DORMANT,IDLE,false,0.000,0.000,false,0.000,0.000,0.000,0.000,0.000,-1.000,0.000,
1789507378.320,7864.081,0.000,nil,0.000,false,DORMANT,DORMANT,IDLE,false,0.000,0.000,false,0.000,0.000,0.000,0.000,0.000,-1.000,0.000,
1789507378.588,7864.348,0.000,nil,0.000,false,DORMANT,DORMANT,IDLE,false,0.000,0.000,false,0.000,0.000,0.000,0.000,0.000,-1.000,0.000,
1789507378.854,7864.614,0.000,nil,0.000,false,DORMANT,DORMANT,IDLE,false,0.000,0.000,false,0.000,0.000,0.000,0.000,0.000,-1.000,0.000,
1789507379.120,7864.880,0.000,nil,0.000,false,DORMANT,DORMANT,IDLE,false,0.000,0.000,false,0.000,0.000,0.000,0.000,0.000,-1.000,0.000,
1789507379.387,7865.147,0.000,nil,0.000,false,DORMANT,DORMANT,IDLE,false,0.000,0.000,false,0.000,0.000,0.000,0.000,0.000,-1.000,0.000,
1789507379.653,7865.414,0.000,nil,0.000,false,DORMANT,DORMANT,IDLE,false,0.000,0.000,false,0.000,0.000,0.000,0.000,0.000,-1.000,0.000,
1789507379.920,7865.680,0.000,nil,0.000,false,DORMANT,DORMANT,IDLE,false,0.000,0.000,false,0.000,0.000,0.000,0.000,0.000,-1.000,0.000,
1789507380.187,7865.948,0.000,nil,0.000,false,DORMANT,DORMANT,IDLE,false,0.000,0.000,false,0.000,0.000,0.000,0.000,0.000,-1.000,0.000,
1789507380.453,7866.214,0.000,nil,0.000,false,DORMANT,DORMANT,IDLE,false,0.000,0.000,false,0.000,0.000,0.000,0.000,0.000,-1.000,0.000,
1789507380.720,7866.481,0.000,nil,0.000,false,DORMANT,DORMANT,IDLE,false,0.000,0.000,false,0.000,0.000,0.000,0.000,0.000,-1.000,0.000,
1789507380.987,7866.748,0.000,nil,0.000,false,DORMANT,DORMANT,IDLE,false,0.000,0.000,false,0.000,0.000,0.000,0.000,0.000,-1.000,0.000,
1789507381.254,7867.015,0.000,nil,0.000,false,DORMANT,DORMANT,IDLE,false,0.000,0.000,false,0.000,0.000,0.000,0.000,0.000,-1.000,0.000,
1789507381.521,7867.281,0.000,nil,0.000,false,DORMANT,DORMANT,IDLE,false,0.000,0.000,false,0.000,0.000,0.000,0.000,0.000,-1.000,0.000,
1789507381.787,7867.548,0.000,nil,0.000,false,DORMANT,DORMANT,IDLE,false,0.000,0.000,false,0.000,0.000,0.000,0.000,0.000,-1.000,0.000,
1789507382.053,7867.814,0.000,nil,0.000,false,DORMANT,DORMANT,IDLE,false,0.000,0.000,false,0.000,0.000,0.000,0.000,0.000,-1.000,0.000,
1789507382.321,7868.081,0.000,nil,0.000,false,DORMANT,DORMANT,IDLE,false,0.000,0.000,false,0.000,0.000,0.000,0.000,0.000,-1.000,0.000,
1789507382.587,7868.348,0.000,nil,0.000,false,DORMANT,DORMANT,IDLE,false,0.000,0.000,false,0.000,0.000,0.000,0.000,0.000,-1.000,0.000,
1789507382.854,7868.615,0.000,nil,0.000,false,DORMANT,DORMANT,IDLE,false,0.000,0.000,false,0.000,0.000,0.000,0.000,0.000,-1.000,0.000,
1789507383.122,7868.882,0.000,nil,0.000,false,DORMANT,DORMANT,IDLE,false,0.000,0.000,false,0.000,0.000,0.000,0.000,0.000,-1.000,0.000,
1789507383.387,7869.148,0.000,nil,0.000,false,DORMANT,DORMANT,IDLE,false,0.000,0.000,false,0.000,0.000,0.000,0.000,0.000,-1.000,0.000,
1789507383.654,7869.414,0.000,nil,0.000,false,DORMANT,DORMANT,IDLE,false,0.000,0.000,false,0.000,0.000,0.000,0.000,0.000,-1.000,0.000,
1789507383.921,7869.682,0.000,nil,0.000,false,DORMANT,DORMANT,IDLE,false,0.000,0.000,false,0.000,0.000,0.000,0.000,0.000,-1.000,0.000,
1789507384.186,7869.947,0.000,nil,0.000,false,DORMANT,DORMANT,IDLE,false,0.000,0.000,false,0.000,0.000,0.000,0.000,0.000,-1.000,0.000,
1789507384.453,7870.214,0.000,nil,0.000,false,DORMANT,DORMANT,IDLE,false,0.000,0.000,false,0.000,0.000,0.000,0.000,0.000,-1.000,0.000,
1789507384.720,7870.480,0.000,nil,0.000,false,DORMANT,DORMANT,IDLE,false,0.000,0.000,false,0.000,0.000,0.000,0.000,0.000,-1.000,0.000,
1789507384.987,7870.748,0.000,nil,0.000,false,DORMANT,DORMANT,IDLE,false,0.000,0.000,false,0.000,0.000,0.000,0.000,0.000,-1.000,0.000,
1789507385.254,7871.014,0.000,nil,0.000,false,DORMANT,DORMANT,IDLE,false,0.000,0.000,false,0.000,0.000,0.000,0.000,0.000,-1.000,0.000,
1789507385.519,7871.280,0.000,nil,0.000,false,DORMANT,DORMANT,IDLE,false,0.000,0.000,false,0.000,0.000,0.000,0.000,0.000,-1.000,0.000,
1789507385.787,7871.548,0.000,nil,0.000,false,DORMANT,DORMANT,IDLE,false,0.000,0.000,false,0.000,0.000,0.000,0.000,0.000,-1.000,0.000,
1789507386.054,7871.815,0.000,nil,0.000,false,DORMANT,DORMANT,IDLE,false,0.000,0.000,false,0.000,0.000,0.000,0.000,0.000,-1.000,0.000,
1789507386.320,7872.080,0.000,nil,0.000,false,DORMANT,DORMANT,IDLE,false,0.000,0.000,false,0.000,0.000,0.000,0.000,0.000,-1.000,0.000,
1789507386.587,7872.347,0.000,nil,0.000,false,DORMANT,DORMANT,IDLE,false,0.000,0.000,false,0.000,0.000,0.000,0.000,0.000,-1.000,0.000,
1789507386.854,7872.615,0.000,nil,0.000,false,DORMANT,DORMANT,IDLE,false,0.000,0.000,false,0.000,0.000,0.000,0.000,0.000,-1.000,0.000,
1789507387.120,7872.881,0.000,nil,0.000,false,DORMANT,DORMANT,IDLE,false,0.000,0.000,false,0.000,0.000,0.000,0.000,0.000,-1.000,0.000,
1789507387.387,7873.147,0.000,nil,0.000,false,DORMANT,DORMANT,IDLE,false,0.000,0.000,false,0.000,0.000,0.000,0.000,0.000,-1.000,0.000,
1789507387.654,7873.415,0.000,nil,0.000,false,DORMANT,DORMANT,IDLE,false,0.000,0.000,false,0.000,0.000,0.000,0.000,0.000,-1.000,0.000,
1789507387.919,7873.680,0.000,nil,0.000,false,DORMANT,DORMANT,IDLE,false,0.000,0.000,false,0.000,0.000,0.000,0.000,0.000,-1.000,0.000,
1789507388.187,7873.948,0.000,nil,0.000,false,DORMANT,DORMANT,IDLE,false,0.000,0.000,false,0.000,0.000,0.000,0.000,0.000,-1.000,0.000,
1789507388.453,7874.214,0.000,nil,0.000,false,DORMANT,DORMANT,IDLE,false,0.000,0.000,false,0.000,0.000,0.000,0.000,0.000,-1.000,0.000,
1789507388.721,7874.481,0.000,nil,0.000,false,DORMANT,DORMANT,IDLE,false,0.000,0.000,false,0.000,0.000,0.000,0.000,0.000,-1.000,0.000,
1789507388.986,7874.747,0.000,nil,0.000,false,DORMANT,DORMANT,IDLE,false,0.000,0.000,false,0.000,0.000,0.000,0.000,0.000,-1.000,0.000,
1789507389.253,7875.014,0.000,nil,0.000,false,DORMANT,DORMANT,IDLE,false,0.000,0.000,false,0.000,0.000,0.000,0.000,0.000,-1.000,0.000,
1789507389.520,7875.281,0.000,nil,0.000,false,DORMANT,DORMANT,IDLE,false,0.000,0.000,false,0.000,0.000,0.000,0.000,0.000,-1.000,0.000,
1789507389.787,7875.548,0.000,nil,0.000,false,DORMANT,DORMANT,IDLE,false,0.000,0.000,false,0.000,0.000,0.000,0.000,0.000,-1.000,0.000,
1789507390.054,7875.815,0.000,nil,0.000,false,DORMANT,DORMANT,IDLE,false,0.000,0.000,false,0.000,0.000,0.000,0.000,0.000,-1.000,0.000,
1789507390.320,7876.081,0.000,nil,0.000,false,DORMANT,DORMANT,IDLE,false,0.000,0.000,false,0.000,0.000,0.000,0.000,0.000,-1.000,0.000,
1789507390.586,7876.346,0.000,nil,0.000,false,DORMANT,DORMANT,IDLE,false,0.000,0.000,false,0.000,0.000,0.000,0.000,0.000,-1.000,0.000,
1789507390.853,7876.613,0.000,nil,0.000,false,DORMANT,DORMANT,IDLE,false,0.000,0.000,false,0.000,0.000,0.000,0.000,0.000,-1.000,0.000,
1789507391.120,7876.881,0.000,nil,0.000,false,DORMANT,DORMANT,IDLE,false,0.000,0.000,false,0.000,0.000,0.000,0.000,0.000,-1.000,0.000,
1789507391.386,7877.146,0.000,nil,0.000,false,DORMANT,DORMANT,IDLE,false,0.000,0.000,false,0.000,0.000,0.000,0.000,0.000,-1.000,0.000,
1789507391.654,7877.414,0.000,nil,0.000,false,DORMANT,DORMANT,IDLE,false,0.000,0.000,false,0.000,0.000,0.000,0.000,0.000,-1.000,0.000,
1789507391.919,7877.680,0.000,nil,0.000,false,DORMANT,DORMANT,IDLE,false,0.000,0.000,false,0.000,0.000,0.000,0.000,0.000,-1.000,0.000,
1789507392.188,7877.948,0.000,nil,0.000,false,DORMANT,DORMANT,IDLE,false,0.000,0.000,false,0.000,0.000,0.000,0.000,0.000,-1.000,0.000,
1789507392.454,7878.214,0.000,nil,0.000,false,DORMANT,DORMANT,IDLE,false,0.000,0.000,false,0.000,0.000,0.000,0.000,0.000,-1.000,0.000,
1789507392.720,7878.480,0.000,nil,0.000,false,DORMANT,DORMANT,IDLE,false,0.000,0.000,false,0.000,0.000,0.000,0.000,0.000,-1.000,0.000,
1789507392.986,7878.747,0.000,nil,0.000,false,DORMANT,DORMANT,IDLE,false,0.000,0.000,false,0.000,0.000,0.000,0.000,0.000,-1.000,0.000,
1789507393.253,7879.014,0.000,nil,0.000,false,DORMANT,DORMANT,IDLE,false,0.000,0.000,false,0.000,0.000,0.000,0.000,0.000,-1.000,0.000,
1789507393.519,7879.280,0.000,nil,0.000,false,DORMANT,DORMANT,IDLE,false,0.000,0.000,false,0.000,0.000,0.000,0.000,0.000,-1.000,0.000,
1789507393.786,7879.547,0.000,nil,0.000,false,DORMANT,DORMANT,IDLE,false,0.000,0.000,false,0.000,0.000,0.000,0.000,0.000,-1.000,0.000,
1789507394.054,7879.814,0.000,nil,0.000,false,DORMANT,DORMANT,IDLE,false,0.000,0.000,false,0.000,0.000,0.000,0.000,0.000,-1.000,0.000,
1789507394.320,7880.080,0.000,nil,0.000,false,DORMANT,DORMANT,IDLE,false,0.000,0.000,false,0.000,0.000,0.000,0.000,0.000,-1.000,0.000,
1789507394.586,7880.346,0.000,nil,0.000,false,DORMANT,DORMANT,IDLE,false,0.000,0.000,false,0.000,0.000,0.000,0.000,0.000,-1.000,0.000,
1789507394.853,7880.614,0.000,nil,0.000,false,DORMANT,DORMANT,IDLE,false,0.000,0.000,false,0.000,0.000,0.000,0.000,0.000,-1.000,0.000,
1789507395.119,7880.879,0.000,nil,0.000,false,DORMANT,DORMANT,IDLE,false,0.000,0.000,false,0.000,0.000,0.000,0.000,0.000,-1.000,0.000,
1789507395.386,7881.146,0.000,nil,0.000,false,DORMANT,DORMANT,IDLE,false,0.000,0.000,false,0.000,0.000,0.000,0.000,0.000,-1.000,0.000,
1789507395.653,7881.413,0.000,nil,0.000,false,DORMANT,DORMANT,IDLE,false,0.000,0.000,false,0.000,0.000,0.000,0.000,0.000,-1.000,0.000,
1789507395.919,7881.680,0.000,nil,0.000,false,DORMANT,DORMANT,IDLE,false,0.000,0.000,false,0.000,0.000,0.000,0.000,0.000,-1.000,0.000,
1789507396.187,7881.948,0.000,nil,0.000,false,DORMANT,DORMANT,IDLE,false,0.000,0.000,false,0.000,0.000,0.000,0.000,0.000,-1.000,0.000,
1789507396.453,7882.214,0.000,nil,0.000,false,DORMANT,DORMANT,IDLE,false,0.000,0.000,false,0.000,0.000,0.000,0.000,0.000,-1.000,0.000,
1789507396.719,7882.480,0.000,nil,0.000,false,DORMANT,DORMANT,IDLE,false,0.000,0.000,false,0.000,0.000,0.000,0.000,0.000,-1.000,0.000,
1789507396.987,7882.748,0.000,nil,0.000,false,DORMANT,DORMANT,IDLE,false,0.000,0.000,false,0.000,0.000,0.000,0.000,0.000,-1.000,0.000,
1789507397.252,7883.013,0.000,nil,0.000,false,DORMANT,DORMANT,IDLE,false,0.000,0.000,false,0.000,0.000,0.000,0.000,0.000,-1.000,0.000,
1789507397.520,7883.280,0.000,nil,0.000,false,DORMANT,DORMANT,IDLE,false,0.000,0.000,false,0.000,0.000,0.000,0.000,0.000,-1.000,0.000,
1789507397.786,7883.547,0.000,nil,0.000,false,DORMANT,DORMANT,IDLE,false,0.000,0.000,false,0.000,0.000,0.000,0.000,0.000,-1.000,0.000,
1789507398.053,7883.813,0.000,nil,0.000,false,DORMANT,DORMANT,IDLE,false,0.000,0.000,false,0.000,0.000,0.000,0.000,0.000,-1.000,0.000,
1789507398.319,7884.080,0.000,nil,0.000,false,DORMANT,DORMANT,IDLE,false,0.000,0.000,false,0.000,0.000,0.000,0.000,0.000,-1.000,0.000,
1789507398.586,7884.347,0.000,nil,0.000,false,DORMANT,DORMANT,IDLE,false,0.000,0.000,false,0.000,0.000,0.000,0.000,0.000,-1.000,0.000,
1789507398.854,7884.614,0.000,nil,0.000,false,DORMANT,DORMANT,IDLE,false,0.000,0.000,false,0.000,0.000,0.000,0.000,0.000,-1.000,0.000,
1789507399.120,7884.881,0.000,nil,0.000,false,DORMANT,DORMANT,IDLE,false,0.000,0.000,false,0.000,0.000,0.000,0.000,0.000,-1.000,0.000,
1789507399.387,7885.148,0.000,nil,0.000,false,DORMANT,DORMANT,IDLE,false,0.000,0.000,false,0.000,0.000,0.000,0.000,0.000,-1.000,0.000,
1789507399.652,7885.413,0.000,nil,0.000,false,DORMANT,DORMANT,IDLE,false,0.000,0.000,false,0.000,0.000,0.000,0.000,0.000,-1.000,0.000,
1789507399.919,7885.680,0.000,nil,0.000,false,DORMANT,DORMANT,IDLE,false,0.000,0.000,false,0.000,0.000,0.000,0.000,0.000,-1.000,0.000,
1789507400.187,7885.948,0.000,nil,0.000,false,DORMANT,DORMANT,IDLE,false,0.000,0.000,false,0.000,0.000,0.000,0.000,0.000,-1.000,0.000,
1789507400.453,7886.213,0.000,nil,0.000,false,DORMANT,DORMANT,IDLE,false,0.000,0.000,false,0.000,0.000,0.000,0.000,0.000,-1.000,0.000,
1789507400.721,7886.481,0.000,nil,0.000,false,DORMANT,DORMANT,IDLE,false,0.000,0.000,false,0.000,0.000,0.000,0.000,0.000,-1.000,0.000,
1789507400.986,7886.747,0.000,nil,0.000,false,DORMANT,DORMANT,IDLE,false,0.000,0.000,false,0.000,0.000,0.000,0.000,0.000,-1.000,0.000,
1789507401.252,7887.013,0.000,nil,0.000,false,DORMANT,DORMANT,IDLE,false,0.000,0.000,false,0.000,0.000,0.000,0.000,0.000,-1.000,0.000,
1789507401.520,7887.280,0.000,nil,0.000,false,DORMANT,DORMANT,IDLE,false,0.000,0.000,false,0.000,0.000,0.000,0.000,0.000,-1.000,0.000,
1789507401.786,7887.547,0.000,nil,0.000,false,DORMANT,DORMANT,IDLE,false,0.000,0.000,false,0.000,0.000,0.000,0.000,0.000,-1.000,0.000,
1789507402.053,7887.814,0.000,nil,0.000,false,DORMANT,DORMANT,IDLE,false,0.000,0.000,false,0.000,0.000,0.000,0.000,0.000,-1.000,0.000,
1789507402.319,7888.080,0.000,nil,0.000,false,DORMANT,DORMANT,IDLE,false,0.000,0.000,false,0.000,0.000,0.000,0.000,0.000,-1.000,0.000,
1789507402.586,7888.347,0.000,nil,0.000,false,DORMANT,DORMANT,IDLE,false,0.000,0.000,false,0.000,0.000,0.000,0.000,0.000,-1.000,0.000,
1789507402.853,7888.614,0.000,nil,0.000,false,DORMANT,DORMANT,IDLE,false,0.000,0.000,false,0.000,0.000,0.000,0.000,0.000,-1.000,0.000,
1789507403.121,7888.882,0.000,nil,0.000,false,DORMANT,DORMANT,IDLE,false,0.000,0.000,false,0.000,0.000,0.000,0.000,0.000,-1.000,0.000,
1789507403.386,7889.146,0.000,nil,0.000,false,DORMANT,DORMANT,IDLE,false,0.000,0.000,false,0.000,0.000,0.000,0.000,0.000,-1.000,0.000,
1789507403.652,7889.413,0.000,nil,0.000,false,DORMANT,DORMANT,IDLE,false,0.000,0.000,false,0.000,0.000,0.000,0.000,0.000,-1.000,0.000,
1789507403.919,7889.680,0.000,nil,0.000,false,DORMANT,DORMANT,IDLE,false,0.000,0.000,false,0.000,0.000,0.000,0.000,0.000,-1.000,0.000,
1789507404.186,7889.947,0.000,nil,0.000,false,DORMANT,DORMANT,IDLE,false,0.000,0.000,false,0.000,0.000,0.000,0.000,0.000,-1.000,0.000,
1789507404.452,7890.213,0.000,nil,0.000,false,DORMANT,DORMANT,IDLE,false,0.000,0.000,false,0.000,0.000,0.000,0.000,0.000,-1.000,0.000,
1789507404.719,7890.480,0.000,nil,0.000,false,DORMANT,DORMANT,IDLE,false,0.000,0.000,false,0.000,0.000,0.000,0.000,0.000,-1.000,0.000,
1789507404.985,7890.746,0.000,nil,0.000,false,DORMANT,DORMANT,IDLE,false,0.000,0.000,false,0.000,0.000,0.000,0.000,0.000,-1.000,0.000,
1789507405.253,7891.013,0.000,nil,0.000,false,DORMANT,DORMANT,IDLE,false,0.000,0.000,false,0.000,0.000,0.000,0.000,0.000,-1.000,0.000,
1789507405.519,7891.280,0.000,nil,0.000,false,DORMANT,DORMANT,IDLE,false,0.000,0.000,false,0.000,0.000,0.000,0.000,0.000,-1.000,0.000,
1789507405.786,7891.547,0.000,nil,0.000,false,DORMANT,DORMANT,IDLE,false,0.000,0.000,false,0.000,0.000,0.000,0.000,0.000,-1.000,0.000,
1789507406.052,7891.813,0.000,nil,0.000,false,DORMANT,DORMANT,IDLE,false,0.000,0.000,false,0.000,0.000,0.000,0.000,0.000,-1.000,0.000,
1789507406.320,7892.080,0.000,nil,0.000,false,DORMANT,DORMANT,IDLE,false,0.000,0.000,false,0.000,0.000,0.000,0.000,0.000,-1.000,0.000,
1789507406.585,7892.346,0.000,nil,0.000,false,DORMANT,DORMANT,IDLE,false,0.000,0.000,false,0.000,0.000,0.000,0.000,0.000,-1.000,0.000,
1789507406.852,7892.613,0.000,nil,0.000,false,DORMANT,DORMANT,IDLE,false,0.000,0.000,false,0.000,0.000,0.000,0.000,0.000,-1.000,0.000,
1789507407.120,7892.880,0.000,nil,0.000,false,DORMANT,DORMANT,IDLE,false,0.000,0.000,false,0.000,0.000,0.000,0.000,0.000,-1.000,0.000,
1789507407.385,7893.146,0.000,nil,0.000,false,DORMANT,DORMANT,IDLE,false,0.000,0.000,false,0.000,0.000,0.000,0.000,0.000,-1.000,0.000,
1789507407.652,7893.413,0.000,nil,0.000,false,DORMANT,DORMANT,IDLE,false,0.000,0.000,false,0.000,0.000,0.000,0.000,0.000,-1.000,0.000,
1789507407.919,7893.680,0.000,nil,0.000,false,DORMANT,DORMANT,IDLE,false,0.000,0.000,false,0.000,0.000,0.000,0.000,0.000,-1.000,0.000,
1789507408.186,7893.947,0.000,nil,0.000,false,DORMANT,DORMANT,IDLE,false,0.000,0.000,false,0.000,0.000,0.000,0.000,0.000,-1.000,0.000,
1789507408.452,7894.213,0.000,nil,0.000,false,DORMANT,DORMANT,IDLE,false,0.000,0.000,false,0.000,0.000,0.000,0.000,0.000,-1.000,0.000,
1789507408.719,7894.479,0.000,nil,0.000,false,DORMANT,DORMANT,IDLE,false,0.000,0.000,false,0.000,0.000,0.000,0.000,0.000,-1.000,0.000,
1789507408.986,7894.747,0.000,nil,0.000,false,DORMANT,DORMANT,IDLE,false,0.000,0.000,false,0.000,0.000,0.000,0.000,0.000,-1.000,0.000,
1789507409.253,7895.013,0.000,nil,0.000,false,DORMANT,DORMANT,IDLE,false,0.000,0.000,false,0.000,0.000,0.000,0.000,0.000,-1.000,0.000,
1789507409.520,7895.280,0.000,nil,0.000,false,DORMANT,DORMANT,IDLE,false,0.000,0.000,false,0.000,0.000,0.000,0.000,0.000,-1.000,0.000,
1789507409.786,7895.546,0.000,nil,0.000,false,DORMANT,DORMANT,IDLE,false,0.000,0.000,false,0.000,0.000,0.000,0.000,0.000,-1.000,0.000,
1789507410.052,7895.813,0.000,nil,0.000,false,DORMANT,DORMANT,IDLE,false,0.000,0.000,false,0.000,0.000,0.000,0.000,0.000,-1.000,0.000,
1789507410.318,7896.079,0.000,nil,0.000,false,DORMANT,DORMANT,IDLE,false,0.000,0.000,false,0.000,0.000,0.000,0.000,0.000,-1.000,0.000,
1789507410.586,7896.347,0.000,nil,0.000,false,DORMANT,DORMANT,IDLE,false,0.000,0.000,false,0.000,0.000,0.000,0.000,0.000,-1.000,0.000,
1789507410.852,7896.613,0.000,nil,0.000,false,DORMANT,DORMANT,IDLE,false,0.000,0.000,false,0.000,0.000,0.000,0.000,0.000,-1.000,0.000,
1789507411.119,7896.880,0.000,nil,0.000,false,DORMANT,DORMANT,IDLE,false,0.000,0.000,false,0.000,0.000,0.000,0.000,0.000,-1.000,0.000,
1789507411.386,7897.147,0.000,nil,0.000,false,DORMANT,DORMANT,IDLE,false,0.000,0.000,false,0.000,0.000,0.000,0.000,0.000,-1.000,0.000,
1789507411.652,7897.413,0.000,nil,0.000,false,DORMANT,DORMANT,IDLE,false,0.000,0.000,false,0.000,0.000,0.000,0.000,0.000,-1.000,0.000,
1789507411.918,7897.679,0.000,nil,0.000,false,DORMANT,DORMANT,IDLE,false,0.000,0.000,false,0.000,0.000,0.000,0.000,0.000,-1.000,0.000,
1789507412.186,7897.947,0.000,nil,0.000,false,DORMANT,DORMANT,IDLE,false,0.000,0.000,false,0.000,0.000,0.000,0.000,0.000,-1.000,0.000,
1789507412.452,7898.212,0.000,nil,0.000,false,DORMANT,DORMANT,IDLE,false,0.000,0.000,false,0.000,0.000,0.000,0.000,0.000,-1.000,0.000,
1789507412.719,7898.479,0.000,nil,0.000,false,DORMANT,DORMANT,IDLE,false,0.000,0.000,false,0.000,0.000,0.000,0.000,0.000,-1.000,0.000,
1789507412.986,7898.746,0.000,nil,0.000,false,DORMANT,DORMANT,IDLE,false,0.000,0.000,false,0.000,0.000,0.000,0.000,0.000,-1.000,0.000,
1789507413.252,7899.012,0.000,nil,0.000,false,DORMANT,DORMANT,IDLE,false,0.000,0.000,false,0.000,0.000,0.000,0.000,0.000,-1.000,0.000,
1789507413.519,7899.279,0.000,nil,0.000,false,DORMANT,DORMANT,IDLE,false,0.000,0.000,false,0.000,0.000,0.000,0.000,0.000,-1.000,0.000,
1789507413.785,7899.546,0.000,nil,0.000,false,DORMANT,DORMANT,IDLE,false,0.000,0.000,false,0.000,0.000,0.000,0.000,0.000,-1.000,0.000,
1789507414.052,7899.812,0.000,nil,0.000,false,DORMANT,DORMANT,IDLE,false,0.000,0.000,false,0.000,0.000,0.000,0.000,0.000,-1.000,0.000,
1789507414.319,7900.080,0.000,nil,0.000,false,DORMANT,DORMANT,IDLE,false,0.000,0.000,false,0.000,0.000,0.000,0.000,0.000,-1.000,0.000,
1789507414.586,7900.347,0.000,nil,0.000,false,DORMANT,DORMANT,IDLE,false,0.000,0.000,false,0.000,0.000,0.000,0.000,0.000,-1.000,0.000,
1789507414.853,7900.614,0.000,nil,0.000,false,DORMANT,DORMANT,IDLE,false,0.000,0.000,false,0.000,0.000,0.000,0.000,0.000,-1.000,0.000,
1789507415.118,7900.879,0.000,nil,0.000,false,DORMANT,DORMANT,IDLE,false,0.000,0.000,false,0.000,0.000,0.000,0.000,0.000,-1.000,0.000,
1789507415.386,7901.147,0.000,nil,0.000,false,DORMANT,DORMANT,IDLE,false,0.000,0.000,false,0.000,0.000,0.000,0.000,0.000,-1.000,0.000,
1789507415.652,7901.413,0.000,nil,0.000,false,DORMANT,DORMANT,IDLE,false,0.000,0.000,false,0.000,0.000,0.000,0.000,0.000,-1.000,0.000,
1789507415.909,7901.670,0.000,nil,0.000,false,DORMANT,DORMANT,IDLE,false,0.000,0.000,false,0.000,0.000,0.000,0.000,0.000,-1.000,0.000,
1789507416.179,7901.939,0.000,nil,0.000,false,DORMANT,DORMANT,IDLE,false,0.000,0.000,false,0.000,0.000,0.000,0.000,0.000,-1.000,0.000,
1789507416.435,7902.195,0.000,nil,0.000,false,DORMANT,DORMANT,IDLE,false,0.000,0.000,false,0.000,0.000,0.000,0.000,0.000,-1.000,0.000,
1789507416.703,7902.464,0.000,nil,0.000,false,DORMANT,DORMANT,IDLE,false,0.000,0.000,false,0.000,0.000,0.000,0.000,0.000,-1.000,0.000,
1789507416.968,7902.728,0.000,nil,0.000,false,DORMANT,DORMANT,IDLE,false,0.000,0.000,false,0.000,0.000,0.000,0.000,0.000,-1.000,0.000,
1789507417.235,7902.996,0.000,nil,0.000,false,DORMANT,DORMANT,IDLE,false,0.000,0.000,false,0.000,0.000,0.000,0.000,0.000,-1.000,0.000,
1789507417.502,7903.263,0.000,nil,0.000,false,DORMANT,DORMANT,IDLE,false,0.000,0.000,false,0.000,0.000,0.000,0.000,0.000,-1.000,0.000,
1789507417.769,7903.530,0.000,nil,0.000,false,DORMANT,DORMANT,IDLE,false,0.000,0.000,false,0.000,0.000,0.000,0.000,0.000,-1.000,0.000,
1789507418.036,7903.796,0.000,nil,0.000,false,DORMANT,DORMANT,IDLE,false,0.000,0.000,false,0.000,0.000,0.000,0.000,0.000,-1.000,0.000,
1789507418.302,7904.063,0.000,nil,0.000,false,DORMANT,DORMANT,IDLE,false,0.000,0.000,false,0.000,0.000,0.000,0.000,0.000,-1.000,0.000,
1789507418.568,7904.329,0.000,nil,0.000,false,DORMANT,DORMANT,IDLE,false,0.000,0.000,false,0.000,0.000,0.000,0.000,0.000,-1.000,0.000,
1789507418.835,7904.596,0.000,nil,0.000,false,DORMANT,DORMANT,IDLE,false,0.000,0.000,false,0.000,0.000,0.000,0.000,0.000,-1.000,0.000,
1789507419.103,7904.864,0.000,nil,0.000,false,DORMANT,DORMANT,IDLE,false,0.000,0.000,false,0.000,0.000,0.000,0.000,0.000,-1.000,0.000,
1789507419.369,7905.130,0.000,nil,0.000,false,DORMANT,DORMANT,IDLE,false,0.000,0.000,false,0.000,0.000,0.000,0.000,0.000,-1.000,0.000,
1789507419.635,7905.396,0.000,nil,0.000,false,DORMANT,DORMANT,IDLE,false,0.000,0.000,false,0.000,0.000,0.000,0.000,0.000,-1.000,0.000,
1789507419.902,7905.663,0.000,nil,0.000,false,DORMANT,DORMANT,IDLE,false,0.000,0.000,false,0.000,0.000,0.000,0.000,0.000,-1.000,0.000,
1789507420.168,7905.929,0.000,nil,0.000,false,DORMANT,DORMANT,IDLE,false,0.000,0.000,false,0.000,0.000,0.000,0.000,0.000,-1.000,0.000,
1789507420.435,7906.195,0.000,nil,0.000,false,DORMANT,DORMANT,IDLE,false,0.000,0.000,false,0.000,0.000,0.000,0.000,0.000,-1.000,0.000,
1789507420.702,7906.463,0.000,nil,0.000,false,DORMANT,DORMANT,IDLE,false,0.000,0.000,false,0.000,0.000,0.000,0.000,0.000,-1.000,0.000,
1789507420.968,7906.729,0.000,nil,0.000,false,DORMANT,DORMANT,IDLE,false,0.000,0.000,false,0.000,0.000,0.000,0.000,0.000,-1.000,0.000,
1789507421.235,7906.995,0.000,nil,0.000,false,DORMANT,DORMANT,IDLE,false,0.000,0.000,false,0.000,0.000,0.000,0.000,0.000,-1.000,0.000,
1789507421.502,7907.263,0.000,nil,0.000,false,DORMANT,DORMANT,IDLE,false,0.000,0.000,false,0.000,0.000,0.000,0.000,0.000,-1.000,0.000,
1789507421.768,7907.528,0.000,nil,0.000,false,DORMANT,DORMANT,IDLE,false,0.000,0.000,false,0.000,0.000,0.000,0.000,0.000,-1.000,0.000,
1789507422.036,7907.797,0.000,nil,0.000,false,DORMANT,DORMANT,IDLE,false,0.000,0.000,false,0.000,0.000,0.000,0.000,0.000,-1.000,0.000,
1789507422.302,7908.062,0.000,nil,0.000,false,DORMANT,DORMANT,IDLE,false,0.000,0.000,false,0.000,0.000,0.000,0.000,0.000,-1.000,0.000,
1789507422.568,7908.329,0.000,nil,0.000,false,DORMANT,DORMANT,IDLE,false,0.000,0.000,false,0.000,0.000,0.000,0.000,0.000,-1.000,0.000,
1789507422.835,7908.596,0.000,nil,0.000,false,DORMANT,DORMANT,IDLE,false,0.000,0.000,false,0.000,0.000,0.000,0.000,0.000,-1.000,0.000,
1789507423.102,7908.863,0.000,nil,0.000,false,DORMANT,DORMANT,IDLE,false,0.000,0.000,false,0.000,0.000,0.000,0.000,0.000,-1.000,0.000,
1789507423.368,7909.129,0.000,nil,0.000,false,DORMANT,DORMANT,IDLE,false,0.000,0.000,false,0.000,0.000,0.000,0.000,0.000,-1.000,0.000,
1789507423.635,7909.395,0.000,nil,0.000,false,DORMANT,DORMANT,IDLE,false,0.000,0.000,false,0.000,0.000,0.000,0.000,0.000,-1.000,0.000,
1789507423.902,7909.663,0.000,nil,0.000,false,DORMANT,DORMANT,IDLE,false,0.000,0.000,false,0.000,0.000,0.000,0.000,0.000,-1.000,0.000,
1789507424.168,7909.929,0.000,nil,0.000,false,DORMANT,DORMANT,IDLE,false,0.000,0.000,false,0.000,0.000,0.000,0.000,0.000,-1.000,0.000,
1789507424.435,7910.196,0.000,nil,0.000,false,DORMANT,DORMANT,IDLE,false,0.000,0.000,false,0.000,0.000,0.000,0.000,0.000,-1.000,0.000,
1789507424.702,7910.463,0.000,nil,0.000,false,DORMANT,DORMANT,IDLE,false,0.000,0.000,false,0.000,0.000,0.000,0.000,0.000,-1.000,0.000,
1789507424.968,7910.729,0.000,nil,0.000,false,DORMANT,DORMANT,IDLE,false,0.000,0.000,false,0.000,0.000,0.000,0.000,0.000,-1.000,0.000,
1789507425.235,7910.995,0.000,nil,0.000,false,DORMANT,DORMANT,IDLE,false,0.000,0.000,false,0.000,0.000,0.000,0.000,0.000,-1.000,0.000,
1789507425.502,7911.262,0.000,nil,0.000,false,DORMANT,DORMANT,IDLE,false,0.000,0.000,false,0.000,0.000,0.000,0.000,0.000,-1.000,0.000,
1789507425.769,7911.531,0.000,nil,0.000,false,DORMANT,DORMANT,IDLE,false,0.000,0.000,false,0.000,0.000,0.000,0.000,0.000,-1.000,0.000,
1789507426.035,7911.795,0.000,nil,0.000,false,DORMANT,DORMANT,IDLE,false,0.000,0.000,false,0.000,0.000,0.000,0.000,0.000,-1.000,0.000,
1789507426.301,7912.062,0.000,nil,0.000,false,DORMANT,DORMANT,IDLE,false,0.000,0.000,false,0.000,0.000,0.000,0.000,0.000,-1.000,0.000,
1789507426.568,7912.329,0.000,nil,0.000,false,DORMANT,DORMANT,IDLE,false,0.000,0.000,false,0.000,0.000,0.000,0.000,0.000,-1.000,0.000,
1789507426.835,7912.596,0.000,nil,0.000,false,DORMANT,DORMANT,IDLE,false,0.000,0.000,false,0.000,0.000,0.000,0.000,0.000,-1.000,0.000,
1789507427.101,7912.862,0.000,nil,0.000,false,DORMANT,DORMANT,IDLE,false,0.000,0.000,false,0.000,0.000,0.000,0.000,0.000,-1.000,0.000,
1789507427.370,7913.131,0.000,nil,0.000,false,DORMANT,DORMANT,IDLE,false,0.000,0.000,false,0.000,0.000,0.000,0.000,0.000,-1.000,0.000,
1789507427.635,7913.396,0.000,nil,0.000,false,DORMANT,DORMANT,IDLE,false,0.000,0.000,false,0.000,0.000,0.000,0.000,0.000,-1.000,0.000,
1789507427.901,7913.662,0.000,nil,0.000,false,DORMANT,DORMANT,IDLE,false,0.000,0.000,false,0.000,0.000,0.000,0.000,0.000,-1.000,0.000,
1789507428.169,7913.930,0.000,nil,0.000,false,DORMANT,DORMANT,IDLE,false,0.000,0.000,false,0.000,0.000,0.000,0.000,0.000,-1.000,0.000,
1789507428.435,7914.195,0.000,nil,0.000,false,DORMANT,DORMANT,IDLE,false,0.000,0.000,false,0.000,0.000,0.000,0.000,0.000,-1.000,0.000,
1789507428.701,7914.462,0.000,nil,0.000,false,DORMANT,DORMANT,IDLE,false,0.000,0.000,false,0.000,0.000,0.000,0.000,0.000,-1.000,0.000,
1789507428.969,7914.730,0.000,nil,0.000,false,DORMANT,DORMANT,IDLE,false,0.000,0.000,false,0.000,0.000,0.000,0.000,0.000,-1.000,0.000,
1789507429.235,7914.996,0.000,nil,0.000,false,DORMANT,DORMANT,IDLE,false,0.000,0.000,false,0.000,0.000,0.000,0.000,0.000,-1.000,0.000,
1789507429.502,7915.262,0.000,nil,0.000,false,DORMANT,DORMANT,IDLE,false,0.000,0.000,false,0.000,0.000,0.000,0.000,0.000,-1.000,0.000,
1789507429.769,7915.530,0.000,nil,0.000,false,DORMANT,DORMANT,IDLE,false,0.000,0.000,false,0.000,0.000,0.000,0.000,0.000,-1.000,0.000,
1789507430.036,7915.797,0.000,nil,0.000,false,DORMANT,DORMANT,IDLE,false,0.000,0.000,false,0.000,0.000,0.000,0.000,0.000,-1.000,0.000,
1789507430.302,7916.062,0.000,nil,0.000,false,DORMANT,DORMANT,IDLE,false,0.000,0.000,false,0.000,0.000,0.000,0.000,0.000,-1.000,0.000,
1789507430.569,7916.330,0.000,nil,0.000,false,DORMANT,DORMANT,IDLE,false,0.000,0.000,false,0.000,0.000,0.000,0.000,0.000,-1.000,0.000,
1789507430.835,7916.596,0.000,nil,0.000,false,DORMANT,DORMANT,IDLE,false,0.000,0.000,false,0.000,0.000,0.000,0.000,0.000,-1.000,0.000,
1789507431.101,7916.862,0.000,nil,0.000,false,DORMANT,DORMANT,IDLE,false,0.000,0.000,false,0.000,0.000,0.000,0.000,0.000,-1.000,0.000,
1789507431.367,7917.128,0.000,nil,0.000,false,DORMANT,DORMANT,IDLE,false,0.000,0.000,false,0.000,0.000,0.000,0.000,0.000,-1.000,0.000,
1789507431.634,7917.395,0.000,nil,0.000,false,DORMANT,DORMANT,IDLE,false,0.000,0.000,false,0.000,0.000,0.000,0.000,0.000,-1.000,0.000,
1789507431.901,7917.662,0.000,nil,0.000,false,DORMANT,DORMANT,IDLE,false,0.000,0.000,false,0.000,0.000,0.000,0.000,0.000,-1.000,0.000,
1789507432.169,7917.930,0.000,nil,0.000,false,DORMANT,DORMANT,IDLE,false,0.000,0.000,false,0.000,0.000,0.000,0.000,0.000,-1.000,0.000,
1789507432.436,7918.197,0.000,nil,0.000,false,DORMANT,DORMANT,IDLE,false,0.000,0.000,false,0.000,0.000,0.000,0.000,0.000,-1.000,0.000,
1789507432.701,7918.462,0.000,nil,0.000,false,DORMANT,DORMANT,IDLE,false,0.000,0.000,false,0.000,0.000,0.000,0.000,0.000,-1.000,0.000,
1789507432.968,7918.729,0.000,nil,0.000,false,DORMANT,DORMANT,IDLE,false,0.000,0.000,false,0.000,0.000,0.000,0.000,0.000,-1.000,0.000,
1789507433.234,7918.995,0.000,nil,0.000,false,DORMANT,DORMANT,IDLE,false,0.000,0.000,false,0.000,0.000,0.000,0.000,0.000,-1.000,0.000,
1789507433.502,7919.262,0.000,nil,0.000,false,DORMANT,DORMANT,IDLE,false,0.000,0.000,false,0.000,0.000,0.000,0.000,0.000,-1.000,0.000,
1789507433.767,7919.528,0.000,nil,0.000,false,DORMANT,DORMANT,IDLE,false,0.000,0.000,false,0.000,0.000,0.000,0.000,0.000,-1.000,0.000,
1789507434.034,7919.795,0.000,nil,0.000,false,DORMANT,DORMANT,IDLE,false,0.000,0.000,false,0.000,0.000,0.000,0.000,0.000,-1.000,0.000,
1789507434.301,7920.062,0.000,nil,0.000,false,DORMANT,DORMANT,IDLE,false,0.000,0.000,false,0.000,0.000,0.000,0.000,0.000,-1.000,0.000,
1789507434.568,7920.329,0.000,nil,0.000,false,DORMANT,DORMANT,IDLE,false,0.000,0.000,false,0.000,0.000,0.000,0.000,0.000,-1.000,0.000,
1789507434.835,7920.595,0.000,nil,0.000,false,DORMANT,DORMANT,IDLE,false,0.000,0.000,false,0.000,0.000,0.000,0.000,0.000,-1.000,0.000,
1789507435.102,7920.863,0.000,nil,0.000,false,DORMANT,DORMANT,IDLE,false,0.000,0.000,false,0.000,0.000,0.000,0.000,0.000,-1.000,0.000,
1789507435.368,7921.129,0.000,nil,0.000,false,DORMANT,DORMANT,IDLE,false,0.000,0.000,false,0.000,0.000,0.000,0.000,0.000,-1.000,0.000,
1789507435.636,7921.397,0.000,nil,0.000,false,DORMANT,DORMANT,IDLE,false,0.000,0.000,false,0.000,0.000,0.000,0.000,0.000,-1.000,0.000,
1789507435.901,7921.662,0.000,nil,0.000,false,DORMANT,DORMANT,IDLE,false,0.000,0.000,false,0.000,0.000,0.000,0.000,0.000,-1.000,0.000,
1789507436.168,7921.929,0.000,nil,0.000,false,DORMANT,DORMANT,IDLE,false,0.000,0.000,false,0.000,0.000,0.000,0.000,0.000,-1.000,0.000,
1789507436.435,7922.196,0.000,nil,0.000,false,DORMANT,DORMANT,IDLE,false,0.000,0.000,false,0.000,0.000,0.000,0.000,0.000,-1.000,0.000,
1789507436.702,7922.463,0.000,nil,0.000,false,DORMANT,DORMANT,IDLE,false,0.000,0.000,false,0.000,0.000,0.000,0.000,0.000,-1.000,0.000,
1789507436.968,7922.729,0.000,nil,0.000,false,DORMANT,DORMANT,IDLE,false,0.000,0.000,false,0.000,0.000,0.000,0.000,0.000,-1.000,0.000,
1789507437.235,7922.995,0.000,nil,0.000,false,DORMANT,DORMANT,IDLE,false,0.000,0.000,false,0.000,0.000,0.000,0.000,0.000,-1.000,0.000,
1789507437.501,7923.262,0.000,nil,0.000,false,DORMANT,DORMANT,IDLE,false,0.000,0.000,false,0.000,0.000,0.000,0.000,0.000,-1.000,0.000,
1789507437.767,7923.528,0.000,nil,0.000,false,DORMANT,DORMANT,IDLE,false,0.000,0.000,false,0.000,0.000,0.000,0.000,0.000,-1.000,0.000,
1789507438.034,7923.795,0.000,nil,0.000,false,DORMANT,DORMANT,IDLE,false,0.000,0.000,false,0.000,0.000,0.000,0.000,0.000,-1.000,0.000,
1789507438.301,7924.062,0.000,nil,0.000,false,DORMANT,DORMANT,IDLE,false,0.000,0.000,false,0.000,0.000,0.000,0.000,0.000,-1.000,0.000,
1789507438.568,7924.329,0.000,nil,0.000,false,DORMANT,DORMANT,IDLE,false,0.000,0.000,false,0.000,0.000,0.000,0.000,0.000,-1.000,0.000,
1789507438.835,7924.596,0.000,nil,0.000,false,DORMANT,DORMANT,IDLE,false,0.000,0.000,false,0.000,0.000,0.000,0.000,0.000,-1.000,0.000,
1789507439.101,7924.861,0.000,nil,0.000,false,DORMANT,DORMANT,IDLE,false,0.000,0.000,false,0.000,0.000,0.000,0.000,0.000,-1.000,0.000,
1789507439.368,7925.129,0.000,nil,0.000,false,DORMANT,DORMANT,IDLE,false,0.000,0.000,false,0.000,0.000,0.000,0.000,0.000,-1.000,0.000,
1789507439.635,7925.396,0.000,nil,0.000,false,DORMANT,DORMANT,IDLE,false,0.000,0.000,false,0.000,0.000,0.000,0.000,0.000,-1.000,0.000,
1789507439.901,7925.662,0.000,nil,0.000,false,DORMANT,DORMANT,IDLE,false,0.000,0.000,false,0.000,0.000,0.000,0.000,0.000,-1.000,0.000,
1789507440.168,7925.929,0.000,nil,0.000,false,DORMANT,DORMANT,IDLE,false,0.000,0.000,false,0.000,0.000,0.000,0.000,0.000,-1.000,0.000,
1789507440.434,7926.195,0.000,nil,0.000,false,DORMANT,DORMANT,IDLE,false,0.000,0.000,false,0.000,0.000,0.000,0.000,0.000,-1.000,0.000,
1789507440.701,7926.462,0.000,nil,0.000,false,DORMANT,DORMANT,IDLE,false,0.000,0.000,false,0.000,0.000,0.000,0.000,0.000,-1.000,0.000,
1789507440.968,7926.729,0.000,nil,0.000,false,DORMANT,DORMANT,IDLE,false,0.000,0.000,false,0.000,0.000,0.000,0.000,0.000,-1.000,0.000,
1789507441.235,7926.996,0.000,nil,0.000,false,DORMANT,DORMANT,IDLE,false,0.000,0.000,false,0.000,0.000,0.000,0.000,0.000,-1.000,0.000,
1789507441.501,7927.262,0.000,nil,0.000,false,DORMANT,DORMANT,IDLE,false,0.000,0.000,false,0.000,0.000,0.000,0.000,0.000,-1.000,0.000,
1789507441.768,7927.529,0.000,nil,0.000,false,DORMANT,DORMANT,IDLE,false,0.000,0.000,false,0.000,0.000,0.000,0.000,0.000,-1.000,0.000,
1789507442.035,7927.795,0.000,nil,0.000,false,DORMANT,DORMANT,IDLE,false,0.000,0.000,false,0.000,0.000,0.000,0.000,0.000,-1.000,0.000,
1789507442.301,7928.062,0.000,nil,0.000,false,DORMANT,DORMANT,IDLE,false,0.000,0.000,false,0.000,0.000,0.000,0.000,0.000,-1.000,0.000,
1789507442.567,7928.328,0.000,nil,0.000,false,DORMANT,DORMANT,IDLE,false,0.000,0.000,false,0.000,0.000,0.000,0.000,0.000,-1.000,0.000,
1789507442.834,7928.595,0.000,nil,0.000,false,DORMANT,DORMANT,IDLE,false,0.000,0.000,false,0.000,0.000,0.000,0.000,0.000,-1.000,0.000,
1789507443.101,7928.862,0.000,nil,0.000,false,DORMANT,DORMANT,IDLE,false,0.000,0.000,false,0.000,0.000,0.000,0.000,0.000,-1.000,0.000,
1789507443.368,7929.129,0.000,nil,0.000,false,DORMANT,DORMANT,IDLE,false,0.000,0.000,false,0.000,0.000,0.000,0.000,0.000,-1.000,0.000,
1789507443.635,7929.396,0.000,nil,0.000,false,DORMANT,DORMANT,IDLE,false,0.000,0.000,false,0.000,0.000,0.000,0.000,0.000,-1.000,0.000,
1789507443.902,7929.663,0.000,nil,0.000,false,DORMANT,DORMANT,IDLE,false,0.000,0.000,false,0.000,0.000,0.000,0.000,0.000,-1.000,0.000,
1789507444.168,7929.929,0.000,nil,0.000,false,DORMANT,DORMANT,IDLE,false,0.000,0.000,false,0.000,0.000,0.000,0.000,0.000,-1.000,0.000,
1789507444.435,7930.196,0.000,nil,0.000,false,DORMANT,DORMANT,IDLE,false,0.000,0.000,false,0.000,0.000,0.000,0.000,0.000,-1.000,0.000,
1789507444.701,7930.462,0.000,nil,0.000,false,DORMANT,DORMANT,IDLE,false,0.000,0.000,false,0.000,0.000,0.000,0.000,0.000,-1.000,0.000,
1789507444.967,7930.728,0.000,nil,0.000,false,DORMANT,DORMANT,IDLE,false,0.000,0.000,false,0.000,0.000,0.000,0.000,0.000,-1.000,0.000,
1789507445.234,7930.995,0.000,nil,0.000,false,DORMANT,DORMANT,IDLE,false,0.000,0.000,false,0.000,0.000,0.000,0.000,0.000,-1.000,0.000,
1789507445.500,7931.261,0.000,nil,0.000,false,DORMANT,DORMANT,IDLE,false,0.000,0.000,false,0.000,0.000,0.000,0.000,0.000,-1.000,0.000,
1789507445.768,7931.529,0.000,nil,0.000,false,DORMANT,DORMANT,IDLE,false,0.000,0.000,false,0.000,0.000,0.000,0.000,0.000,-1.000,0.000,
1789507446.034,7931.795,0.000,nil,0.000,false,DORMANT,DORMANT,IDLE,false,0.000,0.000,false,0.000,0.000,0.000,0.000,0.000,-1.000,0.000,
1789507446.301,7932.063,0.000,nil,0.000,false,DORMANT,DORMANT,IDLE,false,0.000,0.000,false,0.000,0.000,0.000,0.000,0.000,-1.000,0.000,
1789507446.568,7932.328,0.000,nil,0.000,false,DORMANT,DORMANT,IDLE,false,0.000,0.000,false,0.000,0.000,0.000,0.000,0.000,-1.000,0.000,
1789507446.834,7932.595,0.000,nil,0.000,false,DORMANT,DORMANT,IDLE,false,0.000,0.000,false,0.000,0.000,0.000,0.000,0.000,-1.000,0.000,
1789507447.101,7932.863,0.000,nil,0.000,false,DORMANT,DORMANT,IDLE,false,0.000,0.000,false,0.000,0.000,0.000,0.000,0.000,-1.000,0.000,
1789507447.367,7933.128,0.000,nil,0.000,false,DORMANT,DORMANT,IDLE,false,0.000,0.000,false,0.000,0.000,0.000,0.000,0.000,-1.000,0.000,
1789507447.635,7933.396,0.000,nil,0.000,false,DORMANT,DORMANT,IDLE,false,0.000,0.000,false,0.000,0.000,0.000,0.000,0.000,-1.000,0.000,
1789507447.900,7933.661,0.000,nil,0.000,false,DORMANT,DORMANT,IDLE,false,0.000,0.000,false,0.000,0.000,0.000,0.000,0.000,-1.000,0.000,
1789507448.167,7933.928,0.000,nil,0.000,false,DORMANT,DORMANT,IDLE,false,0.000,0.000,false,0.000,0.000,0.000,0.000,0.000,-1.000,0.000,
1789507448.434,7934.195,0.000,nil,0.000,false,DORMANT,DORMANT,IDLE,false,0.000,0.000,false,0.000,0.000,0.000,0.000,0.000,-1.000,0.000,
1789507448.701,7934.462,0.000,nil,0.000,false,DORMANT,DORMANT,IDLE,false,0.000,0.000,false,0.000,0.000,0.000,0.000,0.000,-1.000,0.000,
1789507448.967,7934.727,0.000,nil,0.000,false,DORMANT,DORMANT,IDLE,false,0.000,0.000,false,0.000,0.000,0.000,0.000,0.000,-1.000,0.000,
1789507449.234,7934.994,0.000,nil,0.000,false,DORMANT,DORMANT,IDLE,false,0.000,0.000,false,0.000,0.000,0.000,0.000,0.000,-1.000,0.000,
1789507449.501,7935.262,0.000,nil,0.000,false,DORMANT,DORMANT,IDLE,false,0.000,0.000,false,0.000,0.000,0.000,0.000,0.000,-1.000,0.000,
1789507449.767,7935.528,0.000,nil,0.000,false,DORMANT,DORMANT,IDLE,false,0.000,0.000,false,0.000,0.000,0.000,0.000,0.000,-1.000,0.000,
1789507450.034,7935.795,0.000,nil,0.000,false,DORMANT,DORMANT,IDLE,false,0.000,0.000,false,0.000,0.000,0.000,0.000,0.000,-1.000,0.000,
1789507450.300,7936.061,0.000,nil,0.000,false,DORMANT,DORMANT,IDLE,false,0.000,0.000,false,0.000,0.000,0.000,0.000,0.000,-1.000,0.000,
1789507450.568,7936.328,0.000,nil,0.000,false,DORMANT,DORMANT,IDLE,false,0.000,0.000,false,0.000,0.000,0.000,0.000,0.000,-1.000,0.000,
1789507450.833,7936.594,0.000,nil,0.000,false,DORMANT,DORMANT,IDLE,false,0.000,0.000,false,0.000,0.000,0.000,0.000,0.000,-1.000,0.000,
1789507451.101,7936.861,0.000,nil,0.000,false,DORMANT,DORMANT,IDLE,false,0.000,0.000,false,0.000,0.000,0.000,0.000,0.000,-1.000,0.000,
1789507451.367,7937.128,0.000,nil,0.000,false,DORMANT,DORMANT,IDLE,false,0.000,0.000,false,0.000,0.000,0.000,0.000,0.000,-1.000,0.000,
1789507451.634,7937.395,0.000,nil,0.000,false,DORMANT,DORMANT,IDLE,false,0.000,0.000,false,0.000,0.000,0.000,0.000,0.000,-1.000,0.000,
1789507451.900,7937.661,0.000,nil,0.000,false,DORMANT,DORMANT,IDLE,false,0.000,0.000,false,0.000,0.000,0.000,0.000,0.000,-1.000,0.000,
1789507452.167,7937.928,0.000,nil,0.000,false,DORMANT,DORMANT,IDLE,false,0.000,0.000,false,0.000,0.000,0.000,0.000,0.000,-1.000,0.000,
1789507452.434,7938.194,0.000,nil,0.000,false,DORMANT,DORMANT,IDLE,false,0.000,0.000,false,0.000,0.000,0.000,0.000,0.000,-1.000,0.000,
1789507452.701,7938.461,0.000,nil,0.000,false,DORMANT,DORMANT,IDLE,false,0.000,0.000,false,0.000,0.000,0.000,0.000,0.000,-1.000,0.000,
1789507452.968,7938.729,0.000,nil,0.000,false,DORMANT,DORMANT,IDLE,false,0.000,0.000,false,0.000,0.000,0.000,0.000,0.000,-1.000,0.000,
1789507453.233,7938.994,0.000,nil,0.000,false,DORMANT,DORMANT,IDLE,false,0.000,0.000,false,0.000,0.000,0.000,0.000,0.000,-1.000,0.000,
1789507453.500,7939.261,0.000,nil,0.000,false,DORMANT,DORMANT,IDLE,false,0.000,0.000,false,0.000,0.000,0.000,0.000,0.000,-1.000,0.000,
1789507453.768,7939.529,0.000,nil,0.000,false,DORMANT,DORMANT,IDLE,false,0.000,0.000,false,0.000,0.000,0.000,0.000,0.000,-1.000,0.000,
1789507454.034,7939.795,0.000,nil,0.000,false,DORMANT,DORMANT,IDLE,false,0.000,0.000,false,0.000,0.000,0.000,0.000,0.000,-1.000,0.000,
1789507454.300,7940.061,0.000,nil,0.000,false,DORMANT,DORMANT,IDLE,false,0.000,0.000,false,0.000,0.000,0.000,0.000,0.000,-1.000,0.000,
1789507454.567,7940.328,0.000,nil,0.000,false,DORMANT,DORMANT,IDLE,false,0.000,0.000,false,0.000,0.000,0.000,0.000,0.000,-1.000,0.000,
1789507454.834,7940.595,0.000,nil,0.000,false,DORMANT,DORMANT,IDLE,false,0.000,0.000,false,0.000,0.000,0.000,0.000,0.000,-1.000,0.000,
1789507455.101,7940.862,0.000,nil,0.000,false,DORMANT,DORMANT,IDLE,false,0.000,0.000,false,0.000,0.000,0.000,0.000,0.000,-1.000,0.000,
1789507455.368,7941.128,0.000,nil,0.000,false,DORMANT,DORMANT,IDLE,false,0.000,0.000,false,0.000,0.000,0.000,0.000,0.000,-1.000,0.000,
1789507455.634,7941.395,0.000,nil,0.000,false,DORMANT,DORMANT,IDLE,false,0.000,0.000,false,0.000,0.000,0.000,0.000,0.000,-1.000,0.000,
1789507455.900,7941.661,0.000,nil,0.000,false,DORMANT,DORMANT,IDLE,false,0.000,0.000,false,0.000,0.000,0.000,0.000,0.000,-1.000,0.000,
1789507456.166,7941.927,0.000,nil,0.000,false,DORMANT,DORMANT,IDLE,false,0.000,0.000,false,0.000,0.000,0.000,0.000,0.000,-1.000,0.000,
1789507456.433,7942.194,0.000,nil,0.000,false,DORMANT,DORMANT,IDLE,false,0.000,0.000,false,0.000,0.000,0.000,0.000,0.000,-1.000,0.000,
1789507456.701,7942.461,0.000,nil,0.000,false,DORMANT,DORMANT,IDLE,false,0.000,0.000,false,0.000,0.000,0.000,0.000,0.000,-1.000,0.000,
1789507456.967,7942.728,0.000,nil,0.000,false,DORMANT,DORMANT,IDLE,false,0.000,0.000,false,0.000,0.000,0.000,0.000,0.000,-1.000,0.000,
1789507457.234,7942.994,0.000,nil,0.000,false,DORMANT,DORMANT,IDLE,false,0.000,0.000,false,0.000,0.000,0.000,0.000,0.000,-1.000,0.000,
1789507457.501,7943.262,0.000,nil,0.000,false,DORMANT,DORMANT,IDLE,false,0.000,0.000,false,0.000,0.000,0.000,0.000,0.000,-1.000,0.000,
1789507457.767,7943.528,0.000,nil,0.000,false,DORMANT,DORMANT,IDLE,false,0.000,0.000,false,0.000,0.000,0.000,0.000,0.000,-1.000,0.000,
1789507458.034,7943.795,0.000,nil,0.000,false,DORMANT,DORMANT,IDLE,false,0.000,0.000,false,0.000,0.000,0.000,0.000,0.000,-1.000,0.000,
1789507458.301,7944.062,0.000,nil,0.000,false,DORMANT,DORMANT,IDLE,false,0.000,0.000,false,0.000,0.000,0.000,0.000,0.000,-1.000,0.000,
1789507458.567,7944.328,0.000,nil,0.000,false,DORMANT,DORMANT,IDLE,false,0.000,0.000,false,0.000,0.000,0.000,0.000,0.000,-1.000,0.000,
1789507458.833,7944.594,0.000,nil,0.000,false,DORMANT,DORMANT,IDLE,false,0.000,0.000,false,0.000,0.000,0.000,0.000,0.000,-1.000,0.000,
1789507459.100,7944.861,0.000,nil,0.000,false,DORMANT,DORMANT,IDLE,false,0.000,0.000,false,0.000,0.000,0.000,0.000,0.000,-1.000,0.000,
1789507459.367,7945.128,0.000,nil,0.000,false,DORMANT,DORMANT,IDLE,false,0.000,0.000,false,0.000,0.000,0.000,0.000,0.000,-1.000,0.000,
1789507459.634,7945.395,0.000,nil,0.000,false,DORMANT,DORMANT,IDLE,false,0.000,0.000,false,0.000,0.000,0.000,0.000,0.000,-1.000,0.000,
1789507459.900,7945.661,0.000,nil,0.000,false,DORMANT,DORMANT,IDLE,false,0.000,0.000,false,0.000,0.000,0.000,0.000,0.000,-1.000,0.000,
1789507460.167,7945.928,0.000,nil,0.000,false,DORMANT,DORMANT,IDLE,false,0.000,0.000,false,0.000,0.000,0.000,0.000,0.000,-1.000,0.000,
1789507460.434,7946.195,0.000,nil,0.000,false,DORMANT,DORMANT,IDLE,false,0.000,0.000,false,0.000,0.000,0.000,0.000,0.000,-1.000,0.000,
1789507460.697,7946.458,0.000,nil,0.000,false,DORMANT,DORMANT,IDLE,false,0.000,0.000,false,0.000,0.000,0.000,0.000,0.000,-1.000,0.000,
1789507460.951,7946.711,0.000,nil,0.000,false,DORMANT,DORMANT,IDLE,false,0.000,0.000,false,0.000,0.000,0.000,0.000,0.000,-1.000,0.000,
1789507461.217,7946.978,0.000,nil,0.000,false,DORMANT,DORMANT,IDLE,false,0.000,0.000,false,0.000,0.000,0.000,0.000,0.000,-1.000,0.000,
1789507461.484,7947.244,0.000,nil,0.000,false,DORMANT,DORMANT,IDLE,false,0.000,0.000,false,0.000,0.000,0.000,0.000,0.000,-1.000,0.000,
1789507461.750,7947.511,0.000,nil,0.000,false,DORMANT,DORMANT,IDLE,false,0.000,0.000,false,0.000,0.000,0.000,0.000,0.000,-1.000,0.000,
1789507462.017,7947.778,0.000,nil,0.000,false,DORMANT,DORMANT,IDLE,false,0.000,0.000,false,0.000,0.000,0.000,0.000,0.000,-1.000,0.000,
1789507462.284,7948.045,0.000,nil,0.000,false,DORMANT,DORMANT,IDLE,false,0.000,0.000,false,0.000,0.000,0.000,0.000,0.000,-1.000,0.000,
1789507462.550,7948.310,0.000,nil,0.000,false,DORMANT,DORMANT,IDLE,false,0.000,0.000,false,0.000,0.000,0.000,0.000,0.000,-1.000,0.000,
1789507462.817,7948.578,0.000,nil,0.000,false,DORMANT,DORMANT,IDLE,false,0.000,0.000,false,0.000,0.000,0.000,0.000,0.000,-1.000,0.000,
1789507463.083,7948.844,0.000,nil,0.000,false,DORMANT,DORMANT,IDLE,false,0.000,0.000,false,0.000,0.000,0.000,0.000,0.000,-1.000,0.000,
1789507463.351,7949.112,0.000,nil,0.000,false,DORMANT,DORMANT,IDLE,false,0.000,0.000,false,0.000,0.000,0.000,0.000,0.000,-1.000,0.000,
1789507463.618,7949.379,0.000,nil,0.000,false,DORMANT,DORMANT,IDLE,false,0.000,0.000,false,0.000,0.000,0.000,0.000,0.000,-1.000,0.000,
1789507463.885,7949.646,0.000,nil,0.000,false,DORMANT,DORMANT,IDLE,false,0.000,0.000,false,0.000,0.000,0.000,0.000,0.000,-1.000,0.000,
1789507464.151,7949.911,0.000,nil,0.000,false,DORMANT,DORMANT,IDLE,false,0.000,0.000,false,0.000,0.000,0.000,0.000,0.000,-1.000,0.000,
1789507464.417,7950.177,0.000,nil,0.000,false,DORMANT,DORMANT,IDLE,false,0.000,0.000,false,0.000,0.000,0.000,0.000,0.000,-1.000,0.000,
1789507464.684,7950.445,0.000,nil,0.000,false,DORMANT,DORMANT,IDLE,false,0.000,0.000,false,0.000,0.000,0.000,0.000,0.000,-1.000,0.000,
1789507464.950,7950.711,0.000,nil,0.000,false,DORMANT,DORMANT,IDLE,false,0.000,0.000,false,0.000,0.000,0.000,0.000,0.000,-1.000,0.000,
1789507465.217,7950.978,0.000,nil,0.000,false,DORMANT,DORMANT,IDLE,false,0.000,0.000,false,0.000,0.000,0.000,0.000,0.000,-1.000,0.000,
1789507465.484,7951.246,0.000,nil,0.000,false,DORMANT,DORMANT,IDLE,false,0.000,0.000,false,0.000,0.000,0.000,0.000,0.000,-1.000,0.000,
1789507465.750,7951.510,0.000,nil,0.000,false,DORMANT,DORMANT,IDLE,false,0.000,0.000,false,0.000,0.000,0.000,0.000,0.000,-1.000,0.000,
1789507466.017,7951.778,0.000,nil,0.000,false,DORMANT,DORMANT,IDLE,false,0.000,0.000,false,0.000,0.000,0.000,0.000,0.000,-1.000,0.000,
1789507466.283,7952.045,0.000,nil,0.000,false,DORMANT,DORMANT,IDLE,false,0.000,0.000,false,0.000,0.000,0.000,0.000,0.000,-1.000,0.000,
1789507466.550,7952.311,0.000,nil,0.000,false,DORMANT,DORMANT,IDLE,false,0.000,0.000,false,0.000,0.000,0.000,0.000,0.000,-1.000,0.000,
1789507466.823,7952.583,0.000,nil,0.000,false,DORMANT,DORMANT,IDLE,false,0.000,0.000,false,0.000,0.000,0.000,0.000,0.000,-1.000,0.000,
1789507467.085,7952.846,0.000,nil,0.000,false,DORMANT,DORMANT,IDLE,false,0.000,0.000,false,0.000,0.000,0.000,0.000,0.000,-1.000,0.000,
1789507467.350,7953.111,0.000,nil,0.000,false,DORMANT,DORMANT,IDLE,false,0.000,0.000,false,0.000,0.000,0.000,0.000,0.000,-1.000,0.000,
1789507467.616,7953.377,0.000,nil,0.000,false,DORMANT,DORMANT,IDLE,false,0.000,0.000,false,0.000,0.000,0.000,0.000,0.000,-1.000,0.000,
1789507467.884,7953.645,0.000,nil,0.000,false,DORMANT,DORMANT,IDLE,false,0.000,0.000,false,0.000,0.000,0.000,0.000,0.000,-1.000,0.000,
1789507468.150,7953.911,0.000,nil,0.000,false,DORMANT,DORMANT,IDLE,false,0.000,0.000,false,0.000,0.000,0.000,0.000,0.000,-1.000,0.000,
1789507468.417,7954.178,0.000,nil,0.000,false,DORMANT,DORMANT,IDLE,false,0.000,0.000,false,0.000,0.000,0.000,0.000,0.000,-1.000,0.000,
1789507468.684,7954.445,0.000,nil,0.000,false,DORMANT,DORMANT,IDLE,false,0.000,0.000,false,0.000,0.000,0.000,0.000,0.000,-1.000,0.000,
1789507468.950,7954.711,0.000,nil,0.000,false,DORMANT,DORMANT,IDLE,false,0.000,0.000,false,0.000,0.000,0.000,0.000,0.000,-1.000,0.000,
1789507469.218,7954.979,0.000,nil,0.000,false,DORMANT,DORMANT,IDLE,false,0.000,0.000,false,0.000,0.000,0.000,0.000,0.000,-1.000,0.000,
1789507469.484,7955.244,0.000,nil,0.000,false,DORMANT,DORMANT,IDLE,false,0.000,0.000,false,0.000,0.000,0.000,0.000,0.000,-1.000,0.000,
1789507469.750,7955.511,0.000,nil,0.000,false,DORMANT,DORMANT,IDLE,false,0.000,0.000,false,0.000,0.000,0.000,0.000,0.000,-1.000,0.000,
1789507470.016,7955.777,0.000,nil,0.000,false,DORMANT,DORMANT,IDLE,false,0.000,0.000,false,0.000,0.000,0.000,0.000,0.000,-1.000,0.000,
1789507470.285,7956.046,0.000,nil,0.000,false,DORMANT,DORMANT,IDLE,false,0.000,0.000,false,0.000,0.000,0.000,0.000,0.000,-1.000,0.000,
1789507470.549,7956.311,0.000,nil,0.000,false,DORMANT,DORMANT,IDLE,false,0.000,0.000,false,0.000,0.000,0.000,0.000,0.000,-1.000,0.000,
1789507470.817,7956.578,0.000,nil,0.000,false,DORMANT,DORMANT,IDLE,false,0.000,0.000,false,0.000,0.000,0.000,0.000,0.000,-1.000,0.000,
1789507471.084,7956.845,0.000,nil,0.000,false,DORMANT,DORMANT,IDLE,false,0.000,0.000,false,0.000,0.000,0.000,0.000,0.000,-1.000,0.000,
1789507471.349,7957.110,0.000,nil,0.000,false,DORMANT,DORMANT,IDLE,false,0.000,0.000,false,0.000,0.000,0.000,0.000,0.000,-1.000,0.000,
1789507471.617,7957.378,0.000,nil,0.000,false,DORMANT,DORMANT,IDLE,false,0.000,0.000,false,0.000,0.000,0.000,0.000,0.000,-1.000,0.000,
1789507471.883,7957.644,0.000,nil,0.000,false,DORMANT,DORMANT,IDLE,false,0.000,0.000,false,0.000,0.000,0.000,0.000,0.000,-1.000,0.000,
1789507472.149,7957.910,0.000,nil,0.000,false,DORMANT,DORMANT,IDLE,false,0.000,0.000,false,0.000,0.000,0.000,0.000,0.000,-1.000,0.000,
1789507472.417,7958.178,0.000,nil,0.000,false,DORMANT,DORMANT,IDLE,false,0.000,0.000,false,0.000,0.000,0.000,0.000,0.000,-1.000,0.000,
1789507472.683,7958.444,0.000,nil,0.000,false,DORMANT,DORMANT,IDLE,false,0.000,0.000,false,0.000,0.000,0.000,0.000,0.000,-1.000,0.000,
1789507472.951,7958.712,0.000,nil,0.000,false,DORMANT,DORMANT,IDLE,false,0.000,0.000,false,0.000,0.000,0.000,0.000,0.000,-1.000,0.000,
1789507473.216,7958.977,0.000,nil,0.000,false,DORMANT,DORMANT,IDLE,false,0.000,0.000,false,0.000,0.000,0.000,0.000,0.000,-1.000,0.000,
1789507473.483,7959.244,0.000,nil,0.000,false,DORMANT,DORMANT,IDLE,false,0.000,0.000,false,0.000,0.000,0.000,0.000,0.000,-1.000,0.000,
1789507473.749,7959.510,0.000,nil,0.000,false,DORMANT,DORMANT,IDLE,false,0.000,0.000,false,0.000,0.000,0.000,0.000,0.000,-1.000,0.000,
1789507474.017,7959.778,0.000,nil,0.000,false,DORMANT,DORMANT,IDLE,false,0.000,0.000,false,0.000,0.000,0.000,0.000,0.000,-1.000,0.000,
1789507474.282,7960.043,0.000,nil,0.000,false,DORMANT,DORMANT,IDLE,false,0.000,0.000,false,0.000,0.000,0.000,0.000,0.000,-1.000,0.000,
1789507474.550,7960.311,0.000,nil,0.000,false,DORMANT,DORMANT,IDLE,false,0.000,0.000,false,0.000,0.000,0.000,0.000,0.000,-1.000,0.000,
1789507474.816,7960.577,0.000,nil,0.000,false,DORMANT,DORMANT,IDLE,false,0.000,0.000,false,0.000,0.000,0.000,0.000,0.000,-1.000,0.000,
1789507475.117,7960.879,0.000,nil,1.000,false,DORMANT,DORMANT,IDLE,false,0.000,0.000,false,0.000,0.000,0.000,0.000,0.000,-1.000,0.000,
1789507475.388,7961.149,0.000,nil,1.000,false,DORMANT,DORMANT,IDLE,false,0.000,0.000,false,0.000,0.000,0.000,0.000,0.000,-1.000,0.000,
1789507475.649,7961.410,0.000,nil,1.000,false,DORMANT,DORMANT,IDLE,false,0.000,0.000,false,0.000,0.000,0.000,0.000,0.000,-1.000,0.000,
1789507475.934,7961.695,0.000,nil,1.000,false,DORMANT,DORMANT,IDLE,false,0.000,0.000,false,0.000,0.000,0.000,0.000,0.000,-1.000,0.000,
1789507476.259,7962.020,0.000,nil,1.000,false,DORMANT,DORMANT,IDLE,false,0.000,0.000,false,0.000,0.000,0.000,0.000,0.000,-1.000,0.000,
1789507476.607,7962.368,0.000,nil,1.000,false,DORMANT,DORMANT,IDLE,false,0.000,0.000,false,0.000,0.000,0.000,0.000,0.000,-1.000,0.000,
1789507476.890,7962.650,0.000,nil,1.000,false,DORMANT,DORMANT,IDLE,false,0.000,0.000,false,0.000,0.000,0.000,0.000,0.000,-1.000,0.000,
1789507477.149,7962.910,0.000,nil,1.000,false,DORMANT,DORMANT,IDLE,false,0.000,0.000,false,0.000,0.000,0.000,0.000,0.000,-1.000,0.000,
1789507477.417,7963.178,0.000,nil,1.000,false,DORMANT,DORMANT,IDLE,false,0.000,0.000,false,0.000,0.000,0.000,0.000,0.000,-1.000,0.000,
1789507477.683,7963.444,0.000,nil,1.000,false,DORMANT,DORMANT,IDLE,false,0.000,0.000,false,0.000,0.000,0.000,0.000,0.000,-1.000,0.000,
1789507477.949,7963.710,0.000,nil,1.000,false,DORMANT,DORMANT,IDLE,false,0.000,0.000,false,0.000,0.000,0.000,0.000,0.000,-1.000,0.000,
1789507478.216,7963.977,0.000,nil,1.000,false,DORMANT,DORMANT,IDLE,false,0.000,0.000,false,0.000,0.000,0.000,0.000,0.000,-1.000,0.000,
1789507478.483,7964.244,0.000,nil,1.000,false,DORMANT,DORMANT,IDLE,false,0.000,0.000,false,0.000,0.000,0.000,0.000,0.000,-1.000,0.000,
1789507478.750,7964.511,0.000,nil,1.000,false,DORMANT,DORMANT,IDLE,false,0.000,0.000,false,0.000,0.000,0.000,0.000,0.000,-1.000,0.000,
1789507479.016,7964.777,0.000,nil,1.000,false,DORMANT,DORMANT,IDLE,false,0.000,0.000,false,0.000,0.000,0.000,0.000,0.000,-1.000,0.000,
1789507479.285,7965.045,0.000,nil,1.000,false,DORMANT,DORMANT,IDLE,false,0.000,0.000,false,0.000,0.000,0.000,0.000,0.000,-1.000,0.000,
1789507479.550,7965.311,0.000,nil,1.000,false,DORMANT,DORMANT,IDLE,false,0.000,0.000,false,0.000,0.000,0.000,0.000,0.000,-1.000,0.000,
1789507479.817,7965.578,0.000,nil,1.000,false,DORMANT,DORMANT,IDLE,false,0.000,0.000,false,0.000,0.000,0.000,0.000,0.000,-1.000,0.000,
1789507480.126,7965.887,0.000,nil,2.000,false,CHASE,ACTIVE,MOVING,true,0.000,0.000,false,0.000,-459.789,4.880,-396.218,40920547.000,144.936,0.000,
1789507480.468,7966.229,0.000,nil,2.000,false,CHASE,ACTIVE,MOVING,true,0.000,0.000,false,0.000,-459.789,4.880,-396.218,40920547.000,144.936,0.000,
1789507480.782,7966.543,0.000,nil,2.000,false,CHASE,ACTIVE,MOVING,true,0.000,0.000,false,0.000,-459.789,4.880,-396.218,40920547.000,144.936,0.314,
1789507481.059,7966.820,0.000,nil,2.000,false,CHASE,ACTIVE,MOVING,true,0.000,0.000,false,0.000,-459.789,4.880,-396.218,40920547.000,144.936,0.591,
1789507481.330,7967.091,0.000,nil,2.000,false,CHASE,ACTIVE,MOVING,true,0.000,0.000,false,0.000,-459.789,4.880,-396.218,40920547.000,144.936,0.862,
1789507481.590,7967.351,0.000,nil,2.000,false,CHASE,ACTIVE,MOVING,false,21.000,0.000,true,10.000,-460.206,4.880,-395.388,40920547.000,144.657,0.000,
1789507481.858,7967.620,0.000,nil,2.000,false,CHASE,ACTIVE,MOVING,false,21.000,0.000,true,9.999,-461.420,4.880,-392.973,40920547.000,143.877,0.000,
1789507482.116,7967.877,0.000,nil,2.000,false,CHASE,ACTIVE,MOVING,false,21.000,0.000,true,10.000,-462.578,4.880,-390.670,40920547.000,143.177,0.000,
1789507482.377,7968.138,0.000,nil,2.000,false,CHASE,ACTIVE,MOVING,false,21.000,0.000,true,10.000,-463.746,4.880,-388.346,40920547.000,142.514,0.000,
1789507482.643,7968.404,0.000,nil,2.000,false,CHASE,ACTIVE,MOVING,false,21.000,0.000,true,10.000,-464.933,4.880,-385.986,40920547.000,141.887,0.000,
1789507482.903,7968.664,0.000,nil,2.000,false,CHASE,ACTIVE,MOVING,false,21.000,0.000,true,10.000,-466.115,4.880,-383.634,40920547.000,141.307,0.000,
1789507483.171,7968.932,0.000,nil,2.000,false,CHASE,ACTIVE,MOVING,false,21.000,0.000,true,10.000,-467.316,4.880,-381.246,40920547.000,140.768,0.000,
1789507483.432,7969.192,0.000,nil,2.000,false,CHASE,ACTIVE,MOVING,false,21.000,0.000,true,10.000,-468.484,4.880,-378.921,40920547.000,140.289,0.000,
1789507483.700,7969.461,0.000,nil,2.000,false,CHASE,ACTIVE,MOVING,false,21.000,0.000,true,10.000,-470.447,4.880,-377.304,40920547.000,138.886,0.000,
1789507483.966,7969.727,0.000,nil,2.000,false,CHASE,ACTIVE,MOVING,false,21.000,0.000,true,9.999,-472.878,4.880,-376.164,40920547.000,136.922,0.000,
1789507484.232,7969.993,0.000,nil,2.000,false,CHASE,ACTIVE,MOVING,false,21.000,0.000,true,10.000,-475.273,6.530,-375.040,40920547.000,135.035,0.000,
1789507484.499,7970.260,0.000,nil,2.000,false,CHASE,ACTIVE,MOVING,false,21.000,0.000,true,10.000,-477.681,6.530,-373.911,40920547.000,133.140,0.000,
1789507484.766,7970.527,0.000,nil,2.000,false,CHASE,ACTIVE,MOVING,false,21.000,0.000,true,10.000,-480.317,4.880,-373.494,40920547.000,130.784,0.000,
1789507485.032,7970.793,0.000,nil,2.000,false,CHASE,ACTIVE,MOVING,false,21.000,0.000,true,10.000,-482.981,4.280,-373.419,40920547.000,128.313,0.000,
1789507485.300,7971.060,0.000,nil,2.000,false,CHASE,ACTIVE,MOVING,false,21.000,0.000,true,10.000,-485.636,4.280,-373.364,40920547.000,125.854,0.000,
1789507485.567,7971.328,0.000,nil,2.000,false,CHASE,ACTIVE,MOVING,false,21.000,0.000,true,10.001,-488.310,4.280,-373.321,40920547.000,123.383,0.000,
1789507485.833,7971.594,0.000,nil,2.000,false,CHASE,ACTIVE,MOVING,false,21.000,0.000,true,10.000,-490.980,4.280,-373.316,40920547.000,120.908,0.000,
1789507486.100,7971.861,0.000,nil,2.000,false,CHASE,ACTIVE,MOVING,false,21.000,0.000,true,9.999,-493.639,4.280,-373.312,40920547.000,118.453,0.000,
1789507486.366,7972.127,0.000,nil,2.000,false,CHASE,ACTIVE,MOVING,false,21.000,0.000,true,10.000,-496.314,4.280,-373.307,40920547.000,115.991,0.000,
1789507486.632,7972.393,0.000,nil,2.000,false,CHASE,ACTIVE,MOVING,false,21.000,0.000,true,10.000,-498.978,4.280,-373.302,40920547.000,113.550,0.000,
1789507486.899,7972.660,0.000,nil,2.000,false,CHASE,ACTIVE,MOVING,false,21.000,0.000,true,10.001,-501.646,4.280,-373.298,40920547.000,111.115,0.000,
1789507487.165,7972.926,0.000,nil,2.000,false,CHASE,ACTIVE,MOVING,false,21.000,0.000,true,10.000,-504.299,4.280,-373.297,40920547.000,108.702,0.000,
1789507487.433,7973.193,0.000,nil,2.000,false,CHASE,ACTIVE,MOVING,false,21.000,0.000,true,10.000,-506.979,4.280,-373.297,40920547.000,106.277,0.000,
1789507487.699,7973.460,0.000,nil,2.000,false,CHASE,ACTIVE,MOVING,false,21.000,0.000,true,9.999,-509.636,4.280,-373.296,40920547.000,103.885,0.000,
1789507487.966,7973.727,0.000,nil,2.000,false,CHASE,ACTIVE,MOVING,false,21.000,0.000,true,10.000,-512.321,4.280,-373.296,40920547.000,101.481,0.000,
1789507488.233,7973.993,0.000,nil,2.000,false,CHASE,ACTIVE,MOVING,false,21.000,0.000,true,12.395,-515.122,4.280,-373.296,40920547.000,98.989,0.000,
1789507488.500,7974.261,0.000,nil,2.000,false,CHASE,ACTIVE,MOVING,false,21.000,0.000,true,18.770,-519.316,4.280,-373.296,40920547.000,95.289,0.000,
1789507488.766,7974.527,0.000,nil,2.000,false,CHASE,ACTIVE,MOVING,false,21.000,0.000,true,19.998,-524.660,4.280,-373.295,40920547.000,90.637,0.000,
1789507489.032,7974.793,0.000,nil,2.000,false,CHASE,ACTIVE,MOVING,false,21.000,0.000,true,20.002,-529.970,4.280,-373.295,40920547.000,86.094,0.000,
1789507489.300,7975.061,0.000,nil,2.000,false,CHASE,ACTIVE,MOVING,false,21.000,0.000,true,20.000,-535.304,4.280,-373.295,40920547.000,81.624,0.000,
1789507489.566,7975.327,0.000,nil,2.000,false,CHASE,ACTIVE,MOVING,false,21.000,0.000,true,20.000,-540.630,4.280,-373.295,40920547.000,77.270,0.000,
1789507489.832,7975.593,0.000,nil,2.000,false,CHASE,ACTIVE,MOVING,false,21.000,0.000,true,20.001,-545.982,4.280,-373.295,40920547.000,73.024,0.000,
1789507490.099,7975.859,0.000,nil,2.000,false,CHASE,ACTIVE,MOVING,false,21.000,0.000,true,19.999,-551.298,4.280,-373.295,40920547.000,68.960,0.000,
1789507490.367,7976.128,0.000,nil,2.000,false,CHASE,ACTIVE,MOVING,false,21.000,0.000,true,20.001,-556.621,6.080,-373.295,40920547.000,65.110,0.000,
1789507490.633,7976.394,0.000,nil,2.000,false,CHASE,ACTIVE,MOVING,false,21.000,0.000,true,19.999,-561.965,6.080,-373.295,40920547.000,61.425,0.000,
1789507490.899,7976.660,0.000,nil,2.000,false,CHASE,ACTIVE,MOVING,false,21.000,0.000,true,20.001,-565.707,6.080,-374.981,40920547.000,57.699,0.000,
1789507491.166,7976.927,0.000,nil,2.000,false,CHASE,ACTIVE,MOVING,false,21.000,0.000,true,20.000,-565.978,6.080,-380.274,40920547.000,53.581,0.000,
1789507491.433,7977.194,0.000,nil,2.000,false,CHASE,ACTIVE,MOVING,false,21.000,0.000,true,20.001,-568.855,6.080,-384.596,40920547.000,48.481,0.000,
1789507491.698,7977.459,0.000,nil,2.000,false,CHASE,ACTIVE,MOVING,false,21.000,0.000,true,20.001,-572.325,6.080,-388.619,40920547.000,43.189,0.000,
1789507491.965,7977.726,0.000,nil,2.000,false,CHASE,ACTIVE,MOVING,false,21.000,0.000,true,20.000,-576.079,6.080,-392.402,40920547.000,37.868,0.000,
1789507492.233,7977.994,0.000,nil,2.000,false,CHASE,ACTIVE,MOVING,false,21.000,0.000,true,20.000,-579.834,6.080,-396.179,40920547.000,32.553,0.000,
1789507492.499,7978.260,0.000,nil,2.000,false,CHASE,ACTIVE,MOVING,false,21.000,0.000,true,19.999,-583.628,6.080,-399.939,40920547.000,27.227,0.000,
1789507492.766,7978.527,0.000,nil,2.000,false,CHASE,ACTIVE,MOVING,false,21.000,0.000,true,20.000,-587.402,6.080,-403.678,40920547.000,21.937,0.000,
1789507493.032,7978.793,0.000,nil,2.000,false,CHASE,ACTIVE,MOVING,false,21.000,0.000,true,19.999,-591.210,6.080,-407.445,40920547.000,16.619,0.000,
1789507493.300,7979.061,0.000,nil,2.000,false,CHASE,ACTIVE,MOVING,false,21.000,0.000,true,19.999,-595.133,6.080,-411.076,40920547.000,11.351,0.000,
1789507493.565,7979.326,0.000,nil,2.000,false,ATTACK,ACTIVE,MOVING,false,21.000,0.000,false,0.000,-595.625,6.080,-411.483,40920547.000,10.730,0.000,
1789507493.833,7979.595,0.000,nil,2.000,false,ATTACK,ACTIVE,MOVING,false,21.000,0.000,false,0.000,-595.625,6.080,-411.483,40920547.000,10.730,0.000,
1789507494.098,7979.859,0.000,nil,2.000,false,ATTACK,ACTIVE,MOVING,false,21.000,0.000,false,0.000,-595.625,6.080,-411.483,40920547.000,10.730,0.265,
1789507494.366,7980.128,0.000,nil,2.000,false,ATTACK,ACTIVE,MOVING,false,21.000,0.000,false,0.000,-595.625,6.080,-411.483,40920547.000,10.730,0.533,
1789507494.632,7980.393,0.000,nil,2.000,false,CHASE,ACTIVE,MOVING,false,1.000,0.000,true,2.780,-595.652,6.080,-411.518,40920547.000,10.687,0.799,
1789507494.899,7980.660,0.000,nil,2.000,false,CHASE,ACTIVE,MOVING,false,1.000,0.000,true,9.179,-596.677,6.080,-412.810,40920547.000,9.092,0.000,
1789507495.166,7980.927,0.000,nil,2.000,false,CHASE,ACTIVE,MOVING,false,1.000,0.000,true,15.590,-598.766,6.080,-415.443,40920547.000,5.930,0.000,
1789507495.433,7981.194,0.000,nil,2.000,false,CHASE,ACTIVE,ARRIVED,false,1.000,0.000,false,0.000,-599.627,6.080,-416.529,40920547.000,4.709,0.000,
1789507495.699,7981.460,0.000,nil,2.000,false,CHASE,ACTIVE,ARRIVED,false,1.000,0.000,false,0.000,-599.627,6.080,-416.529,40920547.000,4.709,0.000,
1789507495.966,7981.727,0.000,nil,2.000,false,ATTACK,ACTIVE,ARRIVED,false,1.000,0.000,false,0.000,-599.627,6.080,-416.529,40920547.000,4.709,0.267,
1789507496.232,7981.992,0.000,nil,2.000,false,ATTACK,ACTIVE,ARRIVED,false,1.000,0.000,false,0.000,-599.627,6.080,-416.529,40920547.000,4.709,0.532,
1789507496.499,7982.259,0.000,nil,2.000,false,ATTACK,ACTIVE,ARRIVED,false,1.000,0.000,false,0.000,-599.627,6.080,-416.529,40920547.000,4.709,0.799,
1789507496.766,7982.527,0.000,nil,2.000,false,ATTACK,ACTIVE,ARRIVED,false,1.000,0.000,false,0.000,-599.627,6.080,-416.529,40920547.000,4.709,1.067,
1789507497.032,7982.793,0.000,nil,2.000,false,CHASE,ACTIVE,MOVING,false,1.000,0.000,true,2.379,-599.725,6.080,-416.531,40920547.000,4.640,1.332,
1789507497.299,7983.060,0.000,nil,2.000,false,CHASE,ACTIVE,MOVING,false,1.000,0.000,true,8.758,-601.258,6.080,-416.562,40920547.000,3.734,0.000,
1789507497.566,7983.327,0.000,nil,2.000,false,CHASE,ACTIVE,MOVING,false,1.000,0.000,true,15.199,-604.526,6.080,-416.627,40920547.000,3.670,0.000,
1789507497.832,7983.593,0.000,nil,2.000,false,CHASE,ACTIVE,ARRIVED,false,1.000,0.000,false,0.000,-604.728,6.080,-416.631,40920547.000,3.760,0.000,
1789507498.099,7983.860,0.000,nil,2.000,false,CHASE,ACTIVE,ARRIVED,false,1.000,0.000,false,0.000,-604.728,6.080,-416.631,40920547.000,3.760,0.000,
1789507498.365,7984.126,0.000,nil,2.000,false,ATTACK,ACTIVE,ARRIVED,false,1.000,0.000,false,0.000,-604.728,6.080,-416.631,40920547.000,3.760,0.266,
1789507498.632,7984.393,0.000,nil,2.000,false,ATTACK,ACTIVE,ARRIVED,false,1.000,0.000,false,0.000,-604.728,6.080,-416.631,40920547.000,3.760,0.533,
1789507498.900,7984.661,0.000,nil,2.000,false,ATTACK,ACTIVE,ARRIVED,false,1.000,0.000,false,0.000,-604.728,6.080,-416.631,40920547.000,3.760,0.801,
1789507499.165,7984.925,0.000,nil,2.000,false,ATTACK,ACTIVE,ARRIVED,false,1.000,0.000,false,0.000,-604.728,6.080,-416.631,40920547.000,3.760,1.066,
1789507499.433,7985.194,0.000,nil,2.000,false,CHASE,ACTIVE,MOVING,true,0.000,0.000,false,0.000,-604.728,6.080,-416.631,40920547.000,3.760,1.334,
1789507499.699,7985.460,0.000,nil,2.000,false,CHASE,ACTIVE,MOVING,false,1.000,0.000,true,8.036,-603.506,6.080,-416.625,40920547.000,3.352,0.000,
1789507499.966,7985.727,0.000,nil,2.000,false,CHASE,ACTIVE,MOVING,false,1.000,0.000,true,14.420,-600.467,6.080,-416.609,40920547.000,4.118,0.000,
1789507500.232,7985.993,0.000,nil,2.000,false,CHASE,ACTIVE,ARRIVED,false,1.000,0.000,false,0.000,-599.728,6.080,-416.605,40920547.000,4.598,0.000,
1789507500.499,7986.260,0.000,nil,2.000,false,CHASE,ACTIVE,ARRIVED,false,1.000,0.000,false,0.000,-599.728,6.080,-416.605,40920547.000,4.598,0.000,
1789507500.766,7986.527,0.000,nil,2.000,false,ATTACK,ACTIVE,ARRIVED,false,1.000,0.000,false,0.000,-599.728,6.080,-416.605,40920547.000,4.598,0.267,
1789507501.032,7986.794,0.000,nil,2.000,false,ATTACK,ACTIVE,ARRIVED,false,1.000,0.000,false,0.000,-599.728,6.080,-416.605,40920547.000,4.598,0.533,
1789507501.299,7987.060,0.000,nil,2.000,false,ATTACK,ACTIVE,ARRIVED,false,1.000,0.000,false,0.000,-599.728,6.080,-416.605,40920547.000,4.598,0.800,
1789507501.566,7987.327,0.000,nil,2.000,false,ATTACK,ACTIVE,ARRIVED,false,1.000,0.000,false,0.000,-599.728,6.080,-416.605,40920547.000,4.598,1.067,
1789507501.833,7987.593,0.000,nil,2.000,false,CHASE,ACTIVE,MOVING,false,1.000,0.000,true,2.036,-599.810,6.080,-416.606,40920547.000,4.541,1.334,
1789507502.099,7987.860,0.000,nil,2.000,false,CHASE,ACTIVE,MOVING,false,1.000,0.000,true,8.417,-601.253,6.080,-416.613,40920547.000,3.702,0.000,
1789507502.366,7988.126,0.000,nil,2.000,false,CHASE,ACTIVE,MOVING,false,1.000,0.000,true,14.831,-604.413,6.080,-416.630,40920547.000,3.620,0.000,
1789507502.632,7988.393,0.000,nil,2.000,false,CHASE,ACTIVE,ARRIVED,false,1.000,0.000,false,0.000,-604.672,6.080,-416.631,40920547.000,3.734,0.000,
1789507502.899,7988.660,0.000,nil,2.000,false,CHASE,ACTIVE,ARRIVED,false,1.000,0.000,false,0.000,-604.672,6.080,-416.631,40920547.000,3.734,0.000,
1789507503.165,7988.926,0.000,nil,2.000,false,ATTACK,ACTIVE,ARRIVED,false,1.000,0.000,false,0.000,-604.672,6.080,-416.631,40920547.000,3.734,0.266,
1789507503.433,7989.194,0.000,nil,2.000,false,ATTACK,ACTIVE,ARRIVED,false,1.000,0.000,false,0.000,-604.672,6.080,-416.631,40920547.000,3.734,0.534,
1789507503.699,7989.460,0.000,nil,2.000,false,ATTACK,ACTIVE,ARRIVED,false,1.000,0.000,false,0.000,-604.672,6.080,-416.631,40920547.000,3.734,0.800,
1789507503.965,7989.726,0.000,nil,2.000,false,ATTACK,ACTIVE,ARRIVED,false,1.000,0.000,false,0.000,-604.672,6.080,-416.631,40920547.000,3.734,1.066,
1789507504.232,7989.993,0.000,nil,2.000,false,CHASE,ACTIVE,MOVING,true,0.000,0.000,false,0.000,-604.672,6.080,-416.631,40920547.000,3.734,1.333,
1789507504.500,7990.260,0.000,nil,2.000,false,CHASE,ACTIVE,MOVING,false,1.000,0.000,true,7.601,-603.544,6.080,-416.636,40920547.000,3.351,0.000,
1789507504.765,7990.526,0.000,nil,2.000,false,CHASE,ACTIVE,MOVING,false,1.000,0.000,true,14.008,-600.606,6.080,-416.649,40920547.000,4.013,0.000,
1789507505.031,7990.793,0.000,nil,2.000,false,CHASE,ACTIVE,MOVING,false,1.000,0.000,true,20.001,-604.739,6.080,-416.812,40920547.000,3.654,0.000,
1789507505.299,7991.060,0.000,nil,2.000,false,CHASE,ACTIVE,ARRIVED,false,1.000,0.000,false,0.000,-604.953,6.080,-416.820,40920547.000,3.760,0.000,
1789507505.565,7991.326,0.000,nil,2.000,false,ATTACK,ACTIVE,ARRIVED,false,1.000,0.000,false,0.000,-604.953,6.080,-416.820,40920547.000,3.760,0.000,
1789507505.833,7991.593,0.000,nil,2.000,false,ATTACK,ACTIVE,ARRIVED,false,1.000,0.000,false,0.000,-604.953,6.080,-416.820,40920547.000,3.760,0.268,
1789507506.098,7991.859,0.000,nil,2.000,false,ATTACK,ACTIVE,ARRIVED,false,1.000,0.000,false,0.000,-604.953,6.080,-416.820,40920547.000,3.760,0.533,
1789507506.366,7992.128,0.000,nil,2.000,false,ATTACK,ACTIVE,ARRIVED,false,1.000,0.000,false,0.000,-604.953,6.080,-416.820,40920547.000,3.760,0.801,
1789507506.631,7992.392,0.000,nil,2.000,false,CHASE,ACTIVE,MOVING,true,0.000,0.000,false,0.000,-604.953,6.080,-416.820,40920547.000,3.760,1.066,
1789507506.898,7992.659,0.000,nil,2.000,false,CHASE,ACTIVE,MOVING,false,1.000,0.000,true,7.563,-603.837,6.080,-416.863,40920547.000,3.263,0.000,
1789507507.165,7992.926,0.000,nil,2.000,false,CHASE,ACTIVE,MOVING,false,1.000,0.000,true,13.983,-600.904,6.080,-416.978,40920547.000,3.656,0.000,
1789507507.432,7993.193,0.000,nil,2.000,false,CHASE,ACTIVE,ARRIVED,false,1.000,0.000,false,0.000,-600.904,6.080,-416.978,40920547.000,3.656,0.000,
1789507507.698,7993.459,0.000,nil,2.000,false,CHASE,ACTIVE,ARRIVED,false,1.000,0.000,false,0.000,-600.904,6.080,-416.978,40920547.000,3.656,0.266,
1789507507.965,7993.726,0.000,nil,2.000,false,ATTACK,ACTIVE,ARRIVED,false,1.000,0.000,false,0.000,-600.904,6.080,-416.978,40920547.000,3.656,0.533,
1789507508.231,7993.992,0.000,nil,2.000,false,ATTACK,ACTIVE,ARRIVED,false,1.000,0.000,false,0.000,-600.904,6.080,-416.978,40920547.000,3.656,0.799,
1789507508.499,7994.261,0.000,nil,2.000,false,ATTACK,ACTIVE,ARRIVED,false,1.000,0.000,false,0.000,-600.904,6.080,-416.978,40920547.000,3.656,1.068,
1789507508.765,7994.526,0.000,nil,2.000,false,ATTACK,ACTIVE,ARRIVED,false,1.000,0.000,false,0.000,-600.904,6.080,-416.978,40920547.000,3.656,1.333,
1789507509.031,7994.793,0.000,nil,2.000,false,CHASE,ACTIVE,MOVING,true,0.000,0.000,false,0.000,-600.904,6.080,-416.978,40920547.000,3.656,1.599,
1789507509.298,7995.059,0.000,nil,2.000,false,CHASE,ACTIVE,MOVING,false,1.000,0.000,true,7.595,-602.026,6.080,-416.961,40920547.000,3.190,0.000,
1789507509.565,7995.326,0.000,nil,2.000,false,CHASE,ACTIVE,MOVING,false,1.000,0.000,true,13.975,-604.945,6.080,-416.920,40920547.000,3.699,0.000,
1789507509.832,7995.593,0.000,nil,2.000,false,CHASE,ACTIVE,ARRIVED,false,1.000,0.000,false,0.000,-604.945,6.080,-416.920,40920547.000,3.699,0.000,
1789507510.098,7995.860,0.000,nil,2.000,false,CHASE,ACTIVE,ARRIVED,false,1.000,0.000,false,0.000,-604.945,6.080,-416.920,40920547.000,3.699,0.267,
1789507510.365,7996.126,0.000,nil,2.000,false,ATTACK,ACTIVE,ARRIVED,false,1.000,0.000,false,0.000,-604.945,6.080,-416.920,40920547.000,3.699,0.533,
1789507510.632,7996.392,0.000,nil,2.000,false,ATTACK,ACTIVE,ARRIVED,false,1.000,0.000,false,0.000,-604.945,6.080,-416.920,40920547.000,3.699,0.800,
1789507510.898,7996.659,0.000,nil,2.000,false,ATTACK,ACTIVE,ARRIVED,false,1.000,0.000,false,0.000,-604.945,6.080,-416.920,40920547.000,3.699,1.067,
1789507511.164,7996.925,0.000,nil,2.000,false,ATTACK,ACTIVE,ARRIVED,false,1.000,0.000,false,0.000,-604.945,6.080,-416.920,40920547.000,3.699,1.333,
1789507511.432,7997.193,0.000,nil,2.000,false,CHASE,ACTIVE,MOVING,true,0.000,0.000,false,0.000,-604.945,6.080,-416.920,40920547.000,3.699,1.600,
1789507511.699,7997.460,0.000,nil,2.000,false,CHASE,ACTIVE,MOVING,false,1.000,0.000,true,7.638,-603.813,6.080,-416.925,40920547.000,3.216,0.000,
1789507511.965,7997.726,0.000,nil,2.000,false,CHASE,ACTIVE,MOVING,false,1.000,0.000,true,14.006,-600.889,6.080,-416.938,40920547.000,3.687,0.000,
1789507512.232,7997.993,0.000,nil,2.000,false,CHASE,ACTIVE,ARRIVED,false,1.000,0.000,false,0.000,-600.889,6.080,-416.938,40920547.000,3.687,0.000,
1789507512.498,7998.259,0.000,nil,2.000,false,CHASE,ACTIVE,ARRIVED,false,1.000,0.000,false,0.000,-600.889,6.080,-416.938,40920547.000,3.687,0.266,
1789507512.765,7998.526,0.000,nil,2.000,false,ATTACK,ACTIVE,ARRIVED,false,1.000,0.000,false,0.000,-600.889,6.080,-416.938,40920547.000,3.687,0.533,
1789507513.032,7998.793,0.000,nil,2.000,false,ATTACK,ACTIVE,ARRIVED,false,1.000,0.000,false,0.000,-600.889,6.080,-416.938,40920547.000,3.687,0.800,
1789507513.299,7999.060,0.000,nil,2.000,false,ATTACK,ACTIVE,ARRIVED,false,1.000,0.000,false,0.000,-600.889,6.080,-416.938,40920547.000,3.687,1.067,
1789507513.565,7999.326,0.000,nil,2.000,false,ATTACK,ACTIVE,ARRIVED,false,1.000,0.000,false,0.000,-600.889,6.080,-416.938,40920547.000,3.687,1.333,
1789507513.831,7999.592,0.000,nil,2.000,false,CHASE,ACTIVE,MOVING,true,0.000,0.000,false,0.000,-600.889,6.080,-416.938,40920547.000,3.687,1.600,
1789507514.099,7999.860,0.000,nil,2.000,false,CHASE,ACTIVE,MOVING,false,1.000,0.000,true,7.200,-601.924,6.080,-416.936,40920547.000,3.237,0.000,
1789507514.366,8000.127,0.000,nil,2.000,false,CHASE,ACTIVE,MOVING,false,1.000,0.000,true,13.628,-604.768,6.080,-416.931,40920547.000,3.598,0.000,
1789507514.631,8000.392,0.000,nil,2.000,false,CHASE,ACTIVE,ARRIVED,false,1.000,0.000,false,0.000,-605.006,6.080,-416.931,40920547.000,3.727,0.000,
1789507514.898,8000.660,0.000,nil,2.000,false,CHASE,ACTIVE,ARRIVED,false,1.000,0.000,false,0.000,-605.006,6.080,-416.931,40920547.000,3.727,0.000,
1789507515.165,8000.926,0.000,nil,2.000,false,ATTACK,ACTIVE,ARRIVED,false,1.000,0.000,false,0.000,-605.006,6.080,-416.931,40920547.000,3.727,0.266,
1789507515.431,8001.192,0.000,nil,2.000,false,ATTACK,ACTIVE,ARRIVED,false,1.000,0.000,false,0.000,-605.006,6.080,-416.931,40920547.000,3.727,0.532,
1789507515.698,8001.459,0.000,nil,2.000,false,ATTACK,ACTIVE,ARRIVED,false,1.000,0.000,false,0.000,-605.006,6.080,-416.931,40920547.000,3.727,0.800,
1789507515.965,8001.726,0.000,nil,2.000,false,ATTACK,ACTIVE,ARRIVED,false,1.000,0.000,false,0.000,-605.006,6.080,-416.931,40920547.000,3.727,1.067,
1789507516.231,8001.992,0.000,nil,2.000,false,CHASE,ACTIVE,MOVING,true,0.000,0.000,false,0.000,-605.006,6.080,-416.931,40920547.000,3.727,1.333,
1789507516.498,8002.259,0.000,nil,2.000,false,CHASE,ACTIVE,MOVING,false,1.000,0.000,true,6.797,-604.052,6.080,-416.924,40920547.000,3.292,0.000,
1789507516.764,8002.525,0.000,nil,2.000,false,CHASE,ACTIVE,MOVING,false,1.000,0.000,true,13.174,-601.345,6.080,-416.905,40920547.000,3.477,0.000,
1789507517.032,8002.793,0.000,nil,2.000,false,CHASE,ACTIVE,ARRIVED,false,1.000,0.000,false,0.000,-600.880,6.080,-416.901,40920547.000,3.712,0.000,
1789507517.298,8003.059,0.000,nil,2.000,false,CHASE,ACTIVE,ARRIVED,false,1.000,0.000,false,0.000,-600.880,6.080,-416.901,40920547.000,3.712,0.000,
1789507517.564,8003.325,0.000,nil,2.000,false,ATTACK,ACTIVE,ARRIVED,false,1.000,0.000,false,0.000,-600.880,6.080,-416.901,40920547.000,3.712,0.266,
1789507517.831,8003.592,0.000,nil,2.000,false,ATTACK,ACTIVE,ARRIVED,false,1.000,0.000,false,0.000,-600.880,6.080,-416.901,40920547.000,3.712,0.533,
1789507518.098,8003.859,0.000,nil,2.000,false,ATTACK,ACTIVE,ARRIVED,false,1.000,0.000,false,0.000,-600.880,6.080,-416.901,40920547.000,3.712,0.800,
1789507518.365,8004.126,0.000,nil,2.000,false,ATTACK,ACTIVE,ARRIVED,false,1.000,0.000,false,0.000,-600.880,6.080,-416.901,40920547.000,3.712,1.067,
1789507518.630,8004.391,0.000,nil,2.000,false,ATTACK,ACTIVE,ARRIVED,false,1.000,0.000,false,0.000,-600.880,6.080,-416.901,40920547.000,3.712,1.333,
1789507518.898,8004.659,0.000,nil,2.000,false,CHASE,ACTIVE,MOVING,false,1.000,0.000,true,6.421,-601.752,6.080,-416.910,40920547.000,3.310,0.000,
1789507519.165,8004.926,0.000,nil,2.000,false,CHASE,ACTIVE,MOVING,false,1.000,0.000,true,12.776,-604.346,6.080,-416.937,40920547.000,3.396,0.000,
1789507519.431,8005.191,0.000,nil,2.000,false,CHASE,ACTIVE,ARRIVED,false,1.000,0.000,false,0.000,-605.061,6.080,-416.944,40920547.000,3.750,0.000,
1789507519.699,8005.460,0.000,nil,2.000,false,CHASE,ACTIVE,ARRIVED,false,1.000,0.000,false,0.000,-605.061,6.080,-416.944,40920547.000,3.750,0.000,
1789507519.965,8005.726,0.000,nil,2.000,false,ATTACK,ACTIVE,ARRIVED,false,1.000,0.000,false,0.000,-605.061,6.080,-416.944,40920547.000,3.750,0.266,
1789507520.232,8005.992,0.000,nil,2.000,false,ATTACK,ACTIVE,ARRIVED,false,1.000,0.000,false,0.000,-605.061,6.080,-416.944,40920547.000,3.750,0.533,
1789507520.498,8006.260,0.000,nil,2.000,false,ATTACK,ACTIVE,ARRIVED,false,1.000,0.000,false,0.000,-605.061,6.080,-416.944,40920547.000,3.750,0.800,
1789507520.765,8006.526,0.000,nil,2.000,false,ATTACK,ACTIVE,ARRIVED,false,1.000,0.000,false,0.000,-605.061,6.080,-416.944,40920547.000,3.750,1.066,
1789507521.031,8006.793,0.000,nil,2.000,false,ATTACK,ACTIVE,ARRIVED,false,1.000,0.000,false,0.000,-605.061,6.080,-416.944,40920547.000,3.750,1.333,
1789507521.298,8007.059,0.000,nil,2.000,false,CHASE,ACTIVE,MOVING,false,1.000,0.000,true,6.418,-604.189,6.080,-416.928,40920547.000,3.339,0.000,
1789507521.565,8007.325,0.000,nil,2.000,false,CHASE,ACTIVE,MOVING,false,1.000,0.000,true,12.839,-601.560,6.080,-416.880,40920547.000,3.401,0.000,
1789507521.832,8007.593,0.000,nil,2.000,false,CHASE,ACTIVE,ARRIVED,false,1.000,0.000,false,0.000,-600.906,6.080,-416.869,40920547.000,3.717,0.000,
1789507522.098,8007.859,0.000,nil,2.000,false,CHASE,ACTIVE,ARRIVED,false,1.000,0.000,false,0.000,-600.906,6.080,-416.869,40920547.000,3.717,0.000,
1789507522.365,8008.126,0.000,nil,2.000,false,ATTACK,ACTIVE,ARRIVED,false,1.000,0.000,false,0.000,-600.906,6.080,-416.869,40920547.000,3.717,0.267,
1789507522.631,8008.391,0.000,nil,2.000,false,ATTACK,ACTIVE,ARRIVED,false,1.000,0.000,false,0.000,-600.906,6.080,-416.869,40920547.000,3.717,0.533,
1789507522.898,8008.659,0.000,nil,2.000,false,ATTACK,ACTIVE,ARRIVED,false,1.000,0.000,false,0.000,-600.906,6.080,-416.869,40920547.000,3.717,0.800,
1789507523.165,8008.927,0.000,nil,2.000,false,ATTACK,ACTIVE,ARRIVED,false,1.000,0.000,false,0.000,-600.906,6.080,-416.869,40920547.000,3.717,1.067,
1789507523.432,8009.193,0.000,nil,2.000,false,ATTACK,ACTIVE,ARRIVED,false,1.000,0.000,false,0.000,-600.906,6.080,-416.869,40920547.000,3.717,1.334,
1789507523.697,8009.458,0.000,nil,2.000,false,CHASE,ACTIVE,MOVING,false,1.000,0.000,true,5.560,-601.404,6.080,-416.881,40920547.000,3.465,0.000,
1789507523.965,8009.725,0.000,nil,2.000,false,CHASE,ACTIVE,MOVING,false,1.000,0.000,true,11.984,-603.805,6.080,-416.942,40920547.000,3.203,0.000,
1789507524.231,8009.992,0.000,nil,2.000,false,CHASE,ACTIVE,ARRIVED,false,1.000,0.000,false,0.000,-605.109,6.080,-416.975,40920547.000,3.760,0.000,
1789507524.497,8010.258,0.000,nil,2.000,false,CHASE,ACTIVE,ARRIVED,false,1.000,0.000,false,0.000,-605.109,6.080,-416.975,40920547.000,3.760,0.000,
1789507524.764,8010.525,0.000,nil,2.000,false,ATTACK,ACTIVE,ARRIVED,false,1.000,0.000,false,0.000,-605.109,6.080,-416.975,40920547.000,3.760,0.267,
1789507525.032,8010.792,0.000,nil,2.000,false,ATTACK,ACTIVE,ARRIVED,false,1.000,0.000,false,0.000,-605.109,6.080,-416.975,40920547.000,3.760,0.534,
1789507525.297,8011.058,0.000,nil,2.000,false,ATTACK,ACTIVE,ARRIVED,false,1.000,0.000,false,0.000,-605.109,6.080,-416.975,40920547.000,3.760,0.800,
1789507525.564,8011.325,0.000,nil,2.000,false,ATTACK,ACTIVE,ARRIVED,false,1.000,0.000,false,0.000,-605.109,6.080,-416.975,40920547.000,3.760,1.067,
1789507525.831,8011.591,0.000,nil,2.000,false,ATTACK,ACTIVE,ARRIVED,false,1.000,0.000,false,0.000,-605.109,6.080,-416.975,40920547.000,3.760,1.333,
1789507526.099,8011.860,0.000,nil,2.000,false,CHASE,ACTIVE,MOVING,false,1.000,0.000,true,5.614,-604.578,6.080,-416.957,40920547.000,3.488,0.000,
1789507526.364,8012.125,0.000,nil,2.000,false,CHASE,ACTIVE,MOVING,false,1.000,0.000,true,12.002,-602.182,6.080,-416.874,40920547.000,3.208,0.000,
1789507526.631,8012.392,0.000,nil,2.000,false,CHASE,ACTIVE,ARRIVED,false,1.000,0.000,false,0.000,-600.869,6.080,-416.829,40920547.000,3.760,0.000,
1789507526.897,8012.658,0.000,nil,2.000,false,CHASE,ACTIVE,ARRIVED,false,1.000,0.000,false,0.000,-600.869,6.080,-416.829,40920547.000,3.760,0.000,
1789507527.164,8012.925,0.000,nil,2.000,false,ATTACK,ACTIVE,ARRIVED,false,1.000,0.000,false,0.000,-600.869,6.080,-416.829,40920547.000,3.760,0.267,
1789507527.431,8013.191,0.000,nil,2.000,false,ATTACK,ACTIVE,ARRIVED,false,1.000,0.000,false,0.000,-600.869,6.080,-416.829,40920547.000,3.760,0.534,
1789507527.698,8013.459,0.000,nil,2.000,false,ATTACK,ACTIVE,ARRIVED,false,1.000,0.000,false,0.000,-600.869,6.080,-416.829,40920547.000,3.760,0.801,
1789507527.964,8013.725,0.000,nil,2.000,false,ATTACK,ACTIVE,ARRIVED,false,1.000,0.000,false,0.000,-600.869,6.080,-416.829,40920547.000,3.760,1.067,
1789507528.232,8013.993,0.000,nil,2.000,false,ATTACK,ACTIVE,ARRIVED,false,1.000,0.000,false,0.000,-600.869,6.080,-416.829,40920547.000,3.760,1.335,
1789507528.497,8014.258,0.000,nil,2.000,false,CHASE,ACTIVE,MOVING,false,1.000,0.000,true,5.577,-601.370,6.080,-416.846,40920547.000,3.502,0.000,
1789507528.765,8014.526,0.000,nil,2.000,false,CHASE,ACTIVE,MOVING,false,1.000,0.000,true,12.035,-603.792,6.080,-416.930,40920547.000,3.207,0.000,
1789507529.032,8014.793,0.000,nil,2.000,false,CHASE,ACTIVE,ARRIVED,false,1.000,0.000,false,0.000,-605.109,6.080,-416.975,40920547.000,3.760,0.000,
1789507529.297,8015.058,0.000,nil,2.000,false,CHASE,ACTIVE,ARRIVED,false,1.000,0.000,false,0.000,-605.109,6.080,-416.975,40920547.000,3.760,0.000,
1789507529.565,8015.325,0.000,nil,2.000,false,ATTACK,ACTIVE,ARRIVED,false,1.000,0.000,false,0.000,-605.109,6.080,-416.975,40920547.000,3.760,0.267,
1789507529.832,8015.594,0.000,nil,2.000,false,ATTACK,ACTIVE,ARRIVED,false,1.000,0.000,false,0.000,-605.109,6.080,-416.975,40920547.000,3.760,0.535,
1789507530.099,8015.860,0.000,nil,2.000,false,ATTACK,ACTIVE,ARRIVED,false,1.000,0.000,false,0.000,-605.109,6.080,-416.975,40920547.000,3.760,0.801,
1789507530.364,8016.125,0.000,nil,2.000,false,ATTACK,ACTIVE,ARRIVED,false,1.000,0.000,false,0.000,-605.109,6.080,-416.975,40920547.000,3.760,1.067,
1789507530.631,8016.392,0.000,nil,2.000,false,ATTACK,ACTIVE,ARRIVED,false,1.000,0.000,false,0.000,-605.109,6.080,-416.975,40920547.000,3.760,1.333,
1789507530.897,8016.658,0.000,nil,2.000,false,CHASE,ACTIVE,MOVING,false,1.000,0.000,true,5.195,-604.642,6.080,-416.959,40920547.000,3.518,0.000,
1789507531.163,8016.924,0.000,nil,2.000,false,CHASE,ACTIVE,MOVING,false,1.000,0.000,true,11.577,-602.360,6.080,-416.880,40920547.000,3.168,0.000,
1789507531.431,8017.192,0.000,nil,2.000,false,CHASE,ACTIVE,ARRIVED,false,1.000,0.000,false,0.000,-601.004,6.080,-416.833,40920547.000,3.686,0.000,
1789507531.697,8017.458,0.000,nil,2.000,false,CHASE,ACTIVE,ARRIVED,false,1.000,0.000,false,0.000,-601.004,6.080,-416.833,40920547.000,3.686,0.000,
1789507531.963,8017.724,0.000,nil,2.000,false,ATTACK,ACTIVE,ARRIVED,false,1.000,0.000,false,0.000,-601.004,6.080,-416.833,40920547.000,3.686,0.266,
1789507532.230,8017.992,0.000,nil,2.000,false,ATTACK,ACTIVE,ARRIVED,false,1.000,0.000,false,0.000,-601.004,6.080,-416.833,40920547.000,3.686,0.533,
1789507532.497,8018.258,0.000,nil,2.000,false,ATTACK,ACTIVE,ARRIVED,false,1.000,0.000,false,0.000,-601.004,6.080,-416.833,40920547.000,3.686,0.800,
1789507532.764,8018.525,0.000,nil,2.000,false,ATTACK,ACTIVE,ARRIVED,false,1.000,0.000,false,0.000,-601.004,6.080,-416.833,40920547.000,3.686,1.067,
1789507533.031,8018.792,0.000,nil,2.000,false,ATTACK,ACTIVE,ARRIVED,false,1.000,0.000,false,0.000,-601.004,6.080,-416.833,40920547.000,3.686,1.334,
1789507533.298,8019.059,0.000,nil,2.000,false,CHASE,ACTIVE,MOVING,false,1.000,0.000,true,4.355,-601.369,6.080,-416.852,40920547.000,3.499,0.000,
1789507533.564,8019.325,0.000,nil,2.000,false,CHASE,ACTIVE,MOVING,false,1.000,0.000,true,10.783,-603.447,6.080,-416.959,40920547.000,3.111,0.000,
1789507533.830,8019.591,0.000,nil,2.000,false,CHASE,ACTIVE,ARRIVED,false,1.000,0.000,false,0.000,-605.135,6.080,-417.047,40920547.000,3.738,0.000,
1789507534.098,8019.859,0.000,nil,2.000,false,CHASE,ACTIVE,ARRIVED,false,1.000,0.000,false,0.000,-605.135,6.080,-417.047,40920547.000,3.738,0.000,
1789507534.364,8020.125,0.000,nil,2.000,false,ATTACK,ACTIVE,ARRIVED,false,1.000,0.000,false,0.000,-605.135,6.080,-417.047,40920547.000,3.738,0.266,
1789507534.631,8020.392,0.000,nil,2.000,false,ATTACK,ACTIVE,ARRIVED,false,1.000,0.000,false,0.000,-605.135,6.080,-417.047,40920547.000,3.738,0.533,
1789507534.897,8020.658,0.000,nil,2.000,false,ATTACK,ACTIVE,ARRIVED,false,1.000,0.000,false,0.000,-605.135,6.080,-417.047,40920547.000,3.738,0.799,
1789507535.163,8020.924,0.000,nil,2.000,false,ATTACK,ACTIVE,ARRIVED,false,1.000,0.000,false,0.000,-605.135,6.080,-417.047,40920547.000,3.738,1.065,
1789507535.431,8021.192,0.000,nil,2.000,false,ATTACK,ACTIVE,ARRIVED,false,1.000,0.000,false,0.000,-605.135,6.080,-417.047,40920547.000,3.738,1.333,
1789507535.697,8021.458,0.000,nil,2.000,false,CHASE,ACTIVE,MOVING,false,1.000,0.000,true,4.433,-604.760,6.080,-417.023,40920547.000,3.541,0.000,
1789507535.963,8021.724,0.000,nil,2.000,false,CHASE,ACTIVE,MOVING,false,1.000,0.000,true,10.846,-602.669,6.080,-416.891,40920547.000,3.121,0.000,
1789507536.231,8021.992,0.000,nil,2.000,false,CHASE,ACTIVE,ARRIVED,false,1.000,0.000,false,0.000,-601.014,6.080,-416.787,40920547.000,3.709,0.000,
1789507536.497,8022.258,0.000,nil,2.000,false,CHASE,ACTIVE,ARRIVED,false,1.000,0.000,false,0.000,-601.014,6.080,-416.787,40920547.000,3.709,0.000,
1789507536.764,8022.525,0.000,nil,2.000,false,ATTACK,ACTIVE,ARRIVED,false,1.000,0.000,false,0.000,-601.014,6.080,-416.787,40920547.000,3.709,0.267,
1789507537.030,8022.791,0.000,nil,2.000,false,ATTACK,ACTIVE,ARRIVED,false,1.000,0.000,false,0.000,-601.014,6.080,-416.787,40920547.000,3.709,0.533,
1789507537.297,8023.058,0.000,nil,2.000,false,ATTACK,ACTIVE,ARRIVED,false,1.000,0.000,false,0.000,-601.014,6.080,-416.787,40920547.000,3.709,0.800,
1789507537.564,8023.325,0.000,nil,2.000,false,ATTACK,ACTIVE,ARRIVED,false,1.000,0.000,false,0.000,-601.014,6.080,-416.787,40920547.000,3.709,1.067,
1789507537.830,8023.591,0.000,nil,2.000,false,ATTACK,ACTIVE,ARRIVED,false,1.000,0.000,false,0.000,-601.014,6.080,-416.787,40920547.000,3.709,1.333,
1789507538.097,8023.858,0.000,nil,2.000,false,CHASE,ACTIVE,MOVING,false,1.000,0.000,true,3.600,-601.292,6.080,-416.806,40920547.000,3.562,0.000,
1789507538.364,8024.125,0.000,nil,2.000,false,CHASE,ACTIVE,MOVING,false,1.000,0.000,true,10.037,-603.171,6.080,-416.937,40920547.000,3.091,0.000,
1789507538.630,8024.391,0.000,nil,2.000,false,CHASE,ACTIVE,ARRIVED,false,1.000,0.000,false,0.000,-605.182,6.080,-417.077,40920547.000,3.750,0.000,
1789507538.898,8024.659,0.000,nil,2.000,false,CHASE,ACTIVE,ARRIVED,false,1.000,0.000,false,0.000,-605.182,6.080,-417.077,40920547.000,3.750,0.000,
1789507539.163,8024.924,0.000,nil,2.000,false,ATTACK,ACTIVE,ARRIVED,false,1.000,0.000,false,0.000,-605.182,6.080,-417.077,40920547.000,3.750,0.265,
1789507539.431,8025.192,0.000,nil,2.000,false,ATTACK,ACTIVE,ARRIVED,false,1.000,0.000,false,0.000,-605.182,6.080,-417.077,40920547.000,3.750,0.533,
1789507539.697,8025.458,0.000,nil,2.000,false,ATTACK,ACTIVE,ARRIVED,false,1.000,0.000,false,0.000,-605.182,6.080,-417.077,40920547.000,3.750,0.799,
1789507539.964,8025.725,0.000,nil,2.000,false,ATTACK,ACTIVE,ARRIVED,false,1.000,0.000,false,0.000,-605.182,6.080,-417.077,40920547.000,3.750,1.066,
1789507540.230,8025.991,0.000,nil,2.000,false,ATTACK,ACTIVE,ARRIVED,false,1.000,0.000,false,0.000,-605.182,6.080,-417.077,40920547.000,3.750,1.332,
1789507540.497,8026.258,0.000,nil,2.000,false,CHASE,ACTIVE,MOVING,false,1.000,0.000,true,3.676,-604.892,6.080,-417.054,40920547.000,3.595,0.000,
1789507540.764,8026.525,0.000,nil,2.000,false,CHASE,ACTIVE,MOVING,false,1.000,0.000,true,10.043,-603.025,6.080,-416.908,40920547.000,3.102,0.000,
1789507541.030,8026.791,0.000,nil,2.000,false,CHASE,ACTIVE,ARRIVED,false,1.000,0.000,false,0.000,-600.995,6.080,-416.748,40920547.000,3.742,0.000,
1789507541.298,8027.059,0.000,nil,2.000,false,CHASE,ACTIVE,ARRIVED,false,1.000,0.000,false,0.000,-600.995,6.080,-416.748,40920547.000,3.742,0.000,
1789507541.564,8027.325,0.000,nil,2.000,false,ATTACK,ACTIVE,ARRIVED,false,1.000,0.000,false,0.000,-600.995,6.080,-416.748,40920547.000,3.742,0.266,
1789507541.831,8027.592,0.000,nil,2.000,false,ATTACK,ACTIVE,ARRIVED,false,1.000,0.000,false,0.000,-600.995,6.080,-416.748,40920547.000,3.742,0.533,
1789507542.097,8027.858,0.000,nil,2.000,false,ATTACK,ACTIVE,ARRIVED,false,1.000,0.000,false,0.000,-600.995,6.080,-416.748,40920547.000,3.742,0.800,
1789507542.363,8028.124,0.000,nil,2.000,false,ATTACK,ACTIVE,ARRIVED,false,1.000,0.000,false,0.000,-600.995,6.080,-416.748,40920547.000,3.742,1.066,
1789507542.631,8028.392,0.000,nil,2.000,false,ATTACK,ACTIVE,ARRIVED,false,1.000,0.000,false,0.000,-600.995,6.080,-416.748,40920547.000,3.742,1.333,
1789507542.897,8028.658,0.000,nil,2.000,false,CHASE,ACTIVE,MOVING,false,1.000,0.000,true,3.206,-601.052,6.080,-416.753,40920547.000,3.710,1.600,
1789507543.165,8028.925,0.000,nil,2.000,false,CHASE,ACTIVE,MOVING,false,1.000,0.000,true,9.642,-602.824,6.080,-416.895,40920547.000,3.110,0.000,
1789507543.431,8029.192,0.000,nil,2.000,false,CHASE,ACTIVE,ARRIVED,false,1.000,0.000,false,0.000,-605.207,6.080,-417.086,40920547.000,202.240,0.000,
1789507543.722,8029.483,0.000,nil,2.000,false,CHASE,ACTIVE,ARRIVED,true,1.000,0.000,false,0.000,-605.207,6.080,-417.086,40920547.000,202.240,0.000,
1789507543.977,8029.738,0.000,nil,2.000,false,CHASE,ACTIVE,ARRIVED,true,1.000,0.000,false,0.000,-605.207,6.080,-417.086,40920547.000,202.240,0.255,
1789507544.247,8030.008,0.000,nil,2.000,false,CHASE,ACTIVE,MOVING,false,24.000,0.000,true,10.000,-605.218,6.080,-415.774,40920547.000,200.946,0.000,
1789507544.514,8030.275,0.000,nil,2.000,false,CHASE,ACTIVE,MOVING,false,24.000,0.000,true,10.000,-605.241,6.080,-413.092,40920547.000,198.303,0.000,
1789507544.781,8030.542,0.000,nil,2.000,false,CHASE,ACTIVE,MOVING,false,24.000,0.000,true,9.999,-605.263,6.080,-410.412,40920547.000,195.662,0.000,
1789507545.047,8030.808,0.000,nil,2.000,false,CHASE,ACTIVE,MOVING,false,24.000,0.000,true,10.000,-605.285,6.080,-407.772,40920547.000,193.061,0.000,
1789507545.313,8031.074,0.000,nil,2.000,false,CHASE,ACTIVE,MOVING,false,24.000,0.000,true,10.001,-605.307,6.080,-405.088,40920547.000,190.419,0.000,
1789507545.581,8031.342,0.000,nil,2.000,false,CHASE,ACTIVE,MOVING,false,24.000,0.000,true,10.000,-605.329,6.080,-402.439,40920547.000,187.812,0.000,
1789507545.847,8031.608,0.000,nil,2.000,false,CHASE,ACTIVE,MOVING,false,24.000,0.000,true,10.001,-605.352,6.080,-399.751,40920547.000,185.168,0.000,
1789507546.114,8031.874,0.000,nil,2.000,false,CHASE,ACTIVE,MOVING,false,24.000,0.000,true,9.999,-605.374,6.080,-397.087,40920547.000,182.549,0.000,
1789507546.381,8032.141,0.000,nil,2.000,false,CHASE,ACTIVE,MOVING,false,24.000,0.000,true,10.000,-605.396,6.080,-394.429,40920547.000,179.936,0.000,
1789507546.647,8032.408,0.000,nil,2.000,false,CHASE,ACTIVE,MOVING,false,24.000,0.000,true,10.000,-605.419,6.080,-391.761,40920547.000,177.316,0.000,
1789507546.914,8032.675,0.000,nil,2.000,false,CHASE,ACTIVE,MOVING,false,24.000,0.000,true,9.999,-605.441,6.080,-389.090,40920547.000,174.693,0.000,
1789507547.181,8032.941,0.000,nil,2.000,false,CHASE,ACTIVE,MOVING,false,24.000,0.000,true,9.999,-605.463,6.080,-386.428,40920547.000,172.082,0.000,
1789507547.446,8033.207,0.000,nil,2.000,false,CHASE,ACTIVE,MOVING,false,24.000,0.000,true,10.000,-605.485,6.080,-383.770,40920547.000,169.476,0.000,
1789507547.713,8033.474,0.000,nil,2.000,false,CHASE,ACTIVE,MOVING,false,24.000,0.000,true,10.001,-605.507,6.080,-381.094,40920547.000,166.854,0.000,
1789507547.980,8033.741,0.000,nil,2.000,false,CHASE,ACTIVE,MOVING,false,24.000,0.000,true,9.999,-605.530,6.080,-378.427,40920547.000,164.242,0.000,
1789507548.247,8034.008,0.000,nil,2.000,false,CHASE,ACTIVE,MOVING,false,24.000,0.000,true,10.000,-605.552,6.080,-375.774,40920547.000,161.646,0.000,
1789507548.515,8034.276,0.000,nil,2.000,false,CHASE,ACTIVE,MOVING,false,24.000,0.000,true,10.001,-605.574,6.080,-373.099,40920547.000,159.030,0.000,
1789507548.781,8034.541,0.000,nil,2.000,false,CHASE,ACTIVE,MOVING,false,24.000,0.000,true,10.000,-605.596,6.080,-370.428,40920547.000,156.421,0.000,
1789507549.046,8034.807,0.000,nil,2.000,false,CHASE,ACTIVE,MOVING,false,24.000,0.000,true,9.999,-605.619,6.080,-367.773,40920547.000,153.828,0.000,
1789507549.313,8035.074,0.000,nil,2.000,false,CHASE,ACTIVE,MOVING,false,24.000,0.000,true,10.000,-605.641,6.080,-365.111,40920547.000,151.231,0.000,
1789507549.580,8035.341,0.000,nil,2.000,false,CHASE,ACTIVE,MOVING,false,24.000,0.000,true,10.000,-605.663,6.080,-362.438,40920547.000,148.626,0.000,
1789507549.846,8035.608,0.000,nil,2.000,false,CHASE,ACTIVE,MOVING,false,24.000,0.000,true,10.001,-605.685,6.080,-359.756,40920547.000,146.015,0.000,
1789507550.115,8035.876,0.000,nil,2.000,false,CHASE,ACTIVE,MOVING,false,24.000,0.000,true,10.000,-605.707,6.080,-357.101,40920547.000,143.432,0.000,
1789507550.380,8036.140,0.000,nil,2.000,false,CHASE,ACTIVE,MOVING,false,24.000,0.000,true,10.000,-605.730,6.080,-354.430,40920547.000,140.837,0.000,
1789507550.646,8036.407,0.000,nil,2.000,false,CHASE,ACTIVE,MOVING,false,24.000,0.000,true,10.000,-605.752,6.080,-351.779,40920547.000,138.263,0.000,
1789507550.913,8036.674,0.000,nil,2.000,false,CHASE,ACTIVE,MOVING,false,24.000,0.000,true,10.000,-605.774,6.080,-349.103,40920547.000,135.669,0.000,
1789507551.180,8036.941,0.000,nil,2.000,false,CHASE,ACTIVE,MOVING,false,24.000,0.000,true,10.000,-605.796,6.080,-346.446,40920547.000,133.097,0.000,
1789507551.447,8037.207,0.000,nil,2.000,false,CHASE,ACTIVE,MOVING,false,24.000,0.000,true,10.000,-605.819,6.080,-343.766,40920547.000,130.504,0.000,
1789507551.713,8037.473,0.000,nil,2.000,false,CHASE,ACTIVE,MOVING,false,24.000,0.000,true,9.999,-605.841,6.080,-341.092,40920547.000,127.922,0.000,
1789507551.979,8037.740,0.000,nil,2.000,false,CHASE,ACTIVE,MOVING,false,24.000,0.000,true,9.999,-605.863,6.080,-338.422,40920547.000,125.348,0.000,
1789507552.247,8038.008,0.000,nil,2.000,false,CHASE,ACTIVE,MOVING,false,24.000,0.000,true,10.000,-605.753,6.080,-335.781,40920547.000,122.842,0.000,
1789507552.514,8038.275,0.000,nil,2.000,false,CHASE,ACTIVE,MOVING,false,24.000,0.000,true,9.999,-605.641,6.080,-333.096,40920547.000,120.302,0.000,
1789507552.780,8038.541,0.000,nil,2.000,false,CHASE,ACTIVE,MOVING,false,24.000,0.000,true,10.000,-605.531,6.080,-330.431,40920547.000,117.786,0.000,
1789507553.047,8038.809,0.000,nil,2.000,false,CHASE,ACTIVE,MOVING,false,24.000,0.000,true,10.000,-605.443,6.080,-327.778,40920547.000,115.281,0.000,
1789507553.313,8039.074,0.000,nil,2.000,false,CHASE,ACTIVE,MOVING,false,24.000,0.000,true,10.001,-605.425,6.080,-325.112,40920547.000,112.749,0.000,
1789507553.580,8039.341,0.000,nil,2.000,false,CHASE,ACTIVE,MOVING,false,24.000,0.000,true,10.000,-605.406,6.080,-322.451,40920547.000,110.229,0.000,
1789507553.847,8039.608,0.000,nil,2.000,false,CHASE,ACTIVE,MOVING,false,24.000,0.000,true,10.000,-605.397,4.580,-319.781,40920547.000,107.686,0.000,
1789507554.113,8039.873,0.000,nil,2.000,false,CHASE,ACTIVE,MOVING,false,24.000,0.000,true,9.999,-605.394,4.580,-317.107,40920547.000,105.161,0.000,
1789507554.380,8040.141,0.000,nil,2.000,false,CHASE,ACTIVE,MOVING,false,24.000,0.000,true,10.001,-605.393,4.580,-314.440,40920547.000,102.650,0.000,
1789507554.646,8040.407,0.000,nil,2.000,false,CHASE,ACTIVE,MOVING,false,24.000,0.000,true,10.000,-605.392,4.580,-311.771,40920547.000,100.145,0.000,
1789507554.913,8040.674,0.000,nil,2.000,false,CHASE,ACTIVE,MOVING,false,24.000,0.000,true,15.582,-605.391,4.580,-308.406,40920547.000,97.000,0.000,
1789507555.180,8040.941,0.000,nil,2.000,false,CHASE,ACTIVE,MOVING,false,24.000,0.000,true,20.000,-605.391,4.580,-303.468,40920547.000,92.412,0.000,
1789507555.446,8041.207,0.000,nil,2.000,false,CHASE,ACTIVE,MOVING,false,24.000,0.000,true,20.000,-605.391,4.580,-298.119,40920547.000,87.485,0.000,
1789507555.713,8041.474,0.000,nil,2.000,false,CHASE,ACTIVE,MOVING,false,24.000,0.000,true,20.000,-605.391,4.580,-292.816,40920547.000,82.652,0.000,
1789507555.980,8041.740,0.000,nil,2.000,false,CHASE,ACTIVE,MOVING,false,24.000,0.000,true,20.000,-605.391,4.580,-287.428,40920547.000,77.804,0.000,
1789507556.246,8042.007,0.000,nil,2.000,false,CHASE,ACTIVE,MOVING,false,24.000,0.000,true,20.000,-605.391,4.580,-282.126,40920547.000,73.108,0.000,
1789507556.513,8042.274,0.000,nil,2.000,false,CHASE,ACTIVE,MOVING,false,24.000,0.000,true,20.000,-605.391,4.580,-276.792,40920547.000,68.473,0.000,
1789507556.781,8042.541,0.000,nil,2.000,false,CHASE,ACTIVE,MOVING,false,24.000,0.000,true,19.999,-605.391,4.580,-271.473,40920547.000,63.959,0.000,
1789507557.046,8042.807,0.000,nil,2.000,false,CHASE,ACTIVE,MOVING,false,24.000,0.000,true,20.000,-605.391,4.580,-266.100,40920547.000,59.534,0.000,
1789507557.313,8043.073,0.000,nil,2.000,false,CHASE,ACTIVE,MOVING,false,24.000,0.000,true,19.999,-605.391,4.580,-260.814,40920547.000,55.345,0.000,
1789507557.580,8043.341,0.000,nil,2.000,false,CHASE,ACTIVE,MOVING,false,24.000,0.000,true,20.000,-605.391,4.580,-255.436,40920547.000,51.293,0.000,
1789507557.846,8043.607,0.000,nil,2.000,false,CHASE,ACTIVE,MOVING,false,24.000,0.000,true,20.000,-605.391,4.580,-250.109,40920547.000,47.538,0.000,
1789507558.114,8043.874,0.000,nil,2.000,false,CHASE,ACTIVE,MOVING,false,24.000,0.000,true,20.000,-605.391,4.580,-244.798,40920547.000,44.117,0.000,
1789507558.380,8044.140,0.000,nil,2.000,false,CHASE,ACTIVE,MOVING,false,24.000,0.000,true,20.000,-605.391,5.280,-239.447,40920547.000,41.095,0.000,
1789507558.646,8044.407,0.000,nil,2.000,false,CHASE,ACTIVE,MOVING,false,24.000,0.000,true,19.999,-608.160,4.480,-236.028,40920547.000,36.958,0.000,
1789507558.913,8044.674,0.000,nil,2.000,false,CHASE,ACTIVE,MOVING,false,24.000,0.000,true,20.000,-613.144,4.480,-234.085,40920547.000,31.670,0.000,
1789507559.180,8044.941,0.000,nil,2.000,false,CHASE,ACTIVE,MOVING,false,24.000,0.000,true,20.002,-618.082,4.480,-232.160,40920547.000,26.456,0.000,
1789507559.446,8045.207,0.000,nil,2.000,false,CHASE,ACTIVE,MOVING,false,24.000,0.000,true,19.999,-622.925,4.480,-229.968,40920547.000,21.208,0.000,
1789507559.713,8045.474,0.000,nil,2.000,false,CHASE,ACTIVE,MOVING,false,24.000,0.000,true,20.000,-627.357,4.480,-227.008,40920547.000,15.881,0.000,
1789507559.979,8045.740,0.000,nil,2.000,false,CHASE,ACTIVE,MOVING,false,24.000,0.000,true,20.000,-631.785,4.480,-223.992,40920547.000,10.528,0.000,
1789507560.247,8046.008,0.000,nil,2.000,false,ATTACK,ACTIVE,MOVING,false,24.000,0.000,false,0.000,-632.049,4.480,-223.807,40920547.000,10.206,0.000,
1789507560.513,8046.274,0.000,nil,2.000,false,ATTACK,ACTIVE,MOVING,false,24.000,0.000,false,0.000,-632.049,4.480,-223.807,40920547.000,10.206,0.000,
1789507560.779,8046.540,0.000,nil,2.000,false,ATTACK,ACTIVE,MOVING,false,24.000,0.000,false,0.000,-632.049,4.480,-223.807,40920547.000,10.206,0.266,
1789507561.046,8046.807,0.000,nil,2.000,false,ATTACK,ACTIVE,MOVING,false,24.000,0.000,false,0.000,-632.049,4.480,-223.807,40920547.000,10.206,0.533,
1789507561.313,8047.074,0.000,nil,2.000,false,CHASE,ACTIVE,MOVING,true,0.000,0.000,false,0.000,-632.049,4.480,-223.807,40920547.000,10.206,0.800,
1789507561.580,8047.340,0.000,nil,2.000,false,CHASE,ACTIVE,MOVING,false,1.000,0.000,true,9.242,-633.410,4.480,-222.849,40920547.000,8.544,0.000,
1789507561.846,8047.607,0.000,nil,2.000,false,CHASE,ACTIVE,MOVING,false,1.000,0.000,true,15.613,-636.151,4.480,-220.920,40920547.000,5.201,0.000,
1789507562.113,8047.874,0.000,nil,2.000,false,CHASE,ACTIVE,MOVING,false,1.000,0.000,true,19.999,-640.240,4.480,-218.043,40920547.000,0.512,0.000,
1789507562.379,8048.140,0.000,nil,2.000,false,CHASE,ACTIVE,ARRIVED,false,1.000,0.000,false,0.000,-640.240,4.480,-218.043,40920547.000,0.512,0.000,
1789507562.645,8048.406,0.000,nil,2.000,false,ATTACK,ACTIVE,ARRIVED,false,1.000,0.000,false,0.000,-640.240,4.480,-218.043,40920547.000,0.512,0.266,
1789507562.914,8048.675,0.000,nil,2.000,false,ATTACK,ACTIVE,ARRIVED,false,1.000,0.000,false,0.000,-640.240,4.480,-218.043,40920547.000,0.512,0.534,
1789507563.179,8048.940,0.000,nil,2.000,false,ATTACK,ACTIVE,ARRIVED,false,1.000,0.000,false,0.000,-640.240,4.480,-218.043,40920547.000,0.512,0.800,
1789507563.446,8049.207,0.000,nil,2.000,false,ATTACK,ACTIVE,ARRIVED,false,1.000,0.000,false,0.000,-640.240,4.480,-218.043,40920547.000,0.512,1.067,
1789507563.714,8049.474,0.000,nil,2.000,false,CHASE,ACTIVE,ARRIVED,false,0.000,0.000,false,0.000,-640.240,4.480,-218.043,40920547.000,0.512,1.334,
1789507563.980,8049.741,0.000,nil,2.000,false,CHASE,ACTIVE,ARRIVED,false,0.000,0.000,false,0.000,-640.240,4.480,-218.043,40920547.000,0.512,1.600,
1789507564.246,8050.007,0.000,nil,2.000,false,CHASE,ACTIVE,ARRIVED,false,0.000,0.000,false,0.000,-640.240,4.480,-218.043,40920547.000,0.512,1.867,
1789507564.513,8050.274,0.000,nil,2.000,false,CHASE,ACTIVE,ARRIVED,false,0.000,0.000,false,0.000,-640.240,4.480,-218.043,40920547.000,0.512,2.133,
1789507564.779,8050.540,0.000,nil,2.000,false,CHASE,ACTIVE,ARRIVED,false,0.000,0.000,false,0.000,-640.240,4.480,-218.043,40920547.000,0.512,2.400,
1789507565.046,8050.807,0.000,nil,2.000,false,ATTACK,ACTIVE,ARRIVED,false,0.000,0.000,false,0.000,-640.240,4.480,-218.043,40920547.000,0.512,2.666,
1789507565.314,8051.075,0.000,nil,2.000,false,ATTACK,ACTIVE,ARRIVED,false,0.000,0.000,false,0.000,-640.240,4.480,-218.043,40920547.000,0.512,2.934,
1789507565.579,8051.340,0.000,nil,2.000,false,ATTACK,ACTIVE,ARRIVED,false,0.000,0.000,false,0.000,-640.240,4.480,-218.043,40920547.000,0.512,3.200,
1789507565.847,8051.608,0.000,nil,2.000,false,ATTACK,ACTIVE,ARRIVED,false,0.000,0.000,false,0.000,-640.240,4.480,-218.043,40920547.000,0.512,3.468,
1789507566.113,8051.874,0.000,nil,2.000,false,CHASE,ACTIVE,ARRIVED,false,0.000,0.000,false,0.000,-640.240,4.480,-218.043,40920547.000,0.512,3.733,
1789507566.380,8052.141,0.000,nil,2.000,false,CHASE,ACTIVE,ARRIVED,false,0.000,0.000,false,0.000,-640.240,4.480,-218.043,40920547.000,0.512,4.000,
1789507566.647,8052.407,0.000,nil,2.000,false,CHASE,ACTIVE,ARRIVED,false,0.000,0.000,false,0.000,-640.240,4.480,-218.043,40920547.000,0.512,4.267,
1789507566.913,8052.674,0.000,nil,2.000,false,CHASE,ACTIVE,ARRIVED,false,0.000,0.000,false,0.000,-640.240,4.480,-218.043,40920547.000,0.512,4.534,
1789507567.180,8052.941,0.000,nil,2.000,false,CHASE,ACTIVE,ARRIVED,false,0.000,0.000,false,0.000,-640.240,4.480,-218.043,40920547.000,0.512,4.800,
1789507567.446,8053.207,0.000,nil,2.000,false,ATTACK,ACTIVE,ARRIVED,false,0.000,0.000,false,0.000,-640.240,4.480,-218.043,40920547.000,0.512,5.066,
1789507567.713,8053.474,0.000,nil,2.000,false,ATTACK,ACTIVE,ARRIVED,false,0.000,0.000,false,0.000,-640.240,4.480,-218.043,40920547.000,0.512,5.333,
1789507567.980,8053.741,0.000,nil,2.000,false,ATTACK,ACTIVE,ARRIVED,false,0.000,0.000,false,0.000,-640.240,4.480,-218.043,40920547.000,0.512,5.600,
1789507568.246,8054.007,0.000,nil,2.000,false,ATTACK,ACTIVE,ARRIVED,false,0.000,0.000,false,0.000,-640.240,4.480,-218.043,40920547.000,0.512,5.867,
1789507568.513,8054.274,0.000,nil,2.000,false,CHASE,ACTIVE,ARRIVED,false,0.000,0.000,false,0.000,-640.240,4.480,-218.043,40920547.000,0.512,6.133,
1789507568.779,8054.540,0.000,nil,2.000,false,CHASE,ACTIVE,ARRIVED,false,0.000,0.000,false,0.000,-640.240,4.480,-218.043,40920547.000,0.512,6.400,
1789507569.045,8054.806,0.000,nil,2.000,false,CHASE,ACTIVE,ARRIVED,false,0.000,0.000,false,0.000,-640.240,4.480,-218.043,40920547.000,0.512,6.666,
1789507569.313,8055.074,0.000,nil,2.000,false,CHASE,ACTIVE,ARRIVED,false,0.000,0.000,false,0.000,-640.240,4.480,-218.043,40920547.000,0.512,6.933,
1789507569.579,8055.340,0.000,nil,2.000,false,CHASE,ACTIVE,ARRIVED,false,0.000,0.000,false,0.000,-640.240,4.480,-218.043,40920547.000,0.512,7.200,
1789507569.846,8055.607,0.000,nil,2.000,false,ATTACK,ACTIVE,ARRIVED,false,0.000,0.000,false,0.000,-640.240,4.480,-218.043,40920547.000,0.512,7.466,
1789507570.112,8055.873,0.000,nil,2.000,false,ATTACK,ACTIVE,ARRIVED,false,0.000,0.000,false,0.000,-640.240,4.480,-218.043,40920547.000,0.512,7.733,
1789507570.379,8056.140,0.000,nil,2.000,false,ATTACK,ACTIVE,ARRIVED,false,0.000,0.000,false,0.000,-640.240,4.480,-218.043,40920547.000,0.512,7.999,
1789507570.645,8056.406,0.000,nil,2.000,false,ATTACK,ACTIVE,ARRIVED,false,0.000,0.000,false,0.000,-640.240,4.480,-218.043,40920547.000,0.512,8.266,
1789507570.912,8056.673,0.000,nil,2.000,false,CHASE,ACTIVE,ARRIVED,false,0.000,0.000,false,0.000,-640.240,4.480,-218.043,40920547.000,0.512,8.533,
1789507571.179,8056.939,0.000,nil,2.000,false,CHASE,ACTIVE,ARRIVED,false,0.000,0.000,false,0.000,-640.240,4.480,-218.043,40920547.000,0.512,8.799,
1789507571.445,8057.207,0.000,nil,2.000,false,CHASE,ACTIVE,ARRIVED,false,0.000,0.000,false,0.000,-640.240,4.480,-218.043,40920547.000,0.512,9.066,
1789507571.712,8057.474,0.000,nil,2.000,false,CHASE,ACTIVE,ARRIVED,false,0.000,0.000,false,0.000,-640.240,4.480,-218.043,40920547.000,0.512,9.332,
1789507571.979,8057.741,0.000,nil,2.000,false,CHASE,ACTIVE,ARRIVED,false,0.000,0.000,false,0.000,-640.240,4.480,-218.043,40920547.000,0.512,9.599,
1789507572.246,8058.008,0.000,nil,2.000,false,ATTACK,ACTIVE,ARRIVED,false,0.000,0.000,false,0.000,-640.240,4.480,-218.043,40920547.000,0.512,9.866,
1789507572.513,8058.275,0.000,nil,2.000,false,ATTACK,ACTIVE,ARRIVED,false,0.000,0.000,false,0.000,-640.240,4.480,-218.043,40920547.000,0.512,10.133,
1789507572.779,8058.541,0.000,nil,2.000,false,ATTACK,ACTIVE,ARRIVED,false,0.000,0.000,false,0.000,-640.240,4.480,-218.043,40920547.000,0.512,10.400,
1789507573.046,8058.808,0.000,nil,2.000,false,ATTACK,ACTIVE,ARRIVED,false,0.000,0.000,false,0.000,-640.240,4.480,-218.043,40920547.000,0.512,10.667,
1789507573.314,8059.076,0.000,nil,2.000,false,CHASE,ACTIVE,ARRIVED,false,0.000,0.000,false,0.000,-640.240,4.480,-218.043,40920547.000,0.512,10.934,
1789507573.580,8059.341,0.000,nil,2.000,false,CHASE,ACTIVE,ARRIVED,false,0.000,0.000,false,0.000,-640.240,4.480,-218.043,40920547.000,0.512,11.200,
1789507573.846,8059.608,0.000,nil,2.000,false,CHASE,ACTIVE,ARRIVED,false,0.000,0.000,false,0.000,-640.240,4.480,-218.043,40920547.000,0.512,11.467,
1789507574.113,8059.875,0.000,nil,2.000,false,CHASE,ACTIVE,ARRIVED,false,0.000,0.000,false,0.000,-640.240,4.480,-218.043,40920547.000,0.512,11.734,
1789507574.380,8060.141,0.000,nil,2.000,false,CHASE,ACTIVE,ARRIVED,false,0.000,0.000,false,0.000,-640.240,4.480,-218.043,40920547.000,0.512,12.000,
1789507574.647,8060.409,0.000,nil,2.000,false,ATTACK,ACTIVE,ARRIVED,false,0.000,0.000,false,0.000,-640.240,4.480,-218.043,40920547.000,0.512,12.268,
1789507574.912,8060.674,0.000,nil,2.000,false,ATTACK,ACTIVE,ARRIVED,false,0.000,0.000,false,0.000,-640.240,4.480,-218.043,40920547.000,0.512,12.533,
1789507575.180,8060.942,0.000,nil,2.000,false,ATTACK,ACTIVE,ARRIVED,false,0.000,0.000,false,0.000,-640.240,4.480,-218.043,40920547.000,0.512,12.800,
1789507575.447,8061.209,0.000,nil,2.000,false,ATTACK,ACTIVE,ARRIVED,false,0.000,0.000,false,0.000,-640.240,4.480,-218.043,40920547.000,0.512,13.067,
1789507575.713,8061.475,0.000,nil,2.000,false,CHASE,ACTIVE,ARRIVED,false,0.000,0.000,false,0.000,-640.240,4.480,-218.043,40920547.000,0.512,13.334,
1789507575.979,8061.740,0.000,nil,2.000,false,CHASE,ACTIVE,ARRIVED,false,0.000,0.000,false,0.000,-640.240,4.480,-218.043,40920547.000,0.512,13.599,
1789507576.246,8062.008,0.000,nil,2.000,false,CHASE,ACTIVE,ARRIVED,false,0.000,0.000,false,0.000,-640.240,4.480,-218.043,40920547.000,0.512,13.867,
1789507576.513,8062.275,0.000,nil,2.000,false,CHASE,ACTIVE,ARRIVED,false,0.000,0.000,false,0.000,-640.240,4.480,-218.043,40920547.000,0.512,14.134,
1789507576.780,8062.542,0.000,nil,2.000,false,CHASE,ACTIVE,ARRIVED,false,0.000,0.000,false,0.000,-640.240,4.480,-218.043,40920547.000,0.512,14.400,
1789507577.045,8062.807,0.000,nil,2.000,false,ATTACK,ACTIVE,ARRIVED,false,0.000,0.000,false,0.000,-640.240,4.480,-218.043,40920547.000,0.512,14.666,
1789507577.312,8063.074,0.000,nil,2.000,false,ATTACK,ACTIVE,ARRIVED,false,0.000,0.000,false,0.000,-640.240,4.480,-218.043,40920547.000,0.512,14.933,
1789507577.579,8063.341,0.000,nil,2.000,false,ATTACK,ACTIVE,ARRIVED,false,0.000,0.000,false,0.000,-640.240,4.480,-218.043,40920547.000,0.512,15.200,
1789507577.846,8063.608,0.000,nil,2.000,false,ATTACK,ACTIVE,ARRIVED,false,0.000,0.000,false,0.000,-640.240,4.480,-218.043,40920547.000,0.512,15.467,
1789507578.113,8063.875,0.000,nil,2.000,false,CHASE,ACTIVE,ARRIVED,false,0.000,0.000,false,0.000,-640.240,4.480,-218.043,40920547.000,0.512,15.734,
1789507578.379,8064.141,0.000,nil,2.000,false,CHASE,ACTIVE,ARRIVED,false,0.000,0.000,false,0.000,-640.240,4.480,-218.043,40920547.000,0.512,16.000,
1789507578.646,8064.408,0.000,nil,2.000,false,CHASE,ACTIVE,ARRIVED,false,0.000,0.000,false,0.000,-640.240,4.480,-218.043,40920547.000,0.512,16.267,
1789507578.913,8064.674,0.000,nil,2.000,false,CHASE,ACTIVE,ARRIVED,false,0.000,0.000,false,0.000,-640.240,4.480,-218.043,40920547.000,0.512,16.533,
1789507579.180,8064.941,0.000,nil,2.000,false,CHASE,ACTIVE,ARRIVED,false,0.000,0.000,false,0.000,-640.240,4.480,-218.043,40920547.000,0.512,16.800,
1789507579.446,8065.208,0.000,nil,2.000,false,ATTACK,ACTIVE,ARRIVED,false,0.000,0.000,false,0.000,-640.240,4.480,-218.043,40920547.000,0.512,17.067,
1789507579.712,8065.473,0.000,nil,2.000,false,ATTACK,ACTIVE,ARRIVED,false,0.000,0.000,false,0.000,-640.240,4.480,-218.043,40920547.000,0.512,17.332,
1789507579.979,8065.740,0.000,nil,2.000,false,ATTACK,ACTIVE,ARRIVED,false,0.000,0.000,false,0.000,-640.240,4.480,-218.043,40920547.000,0.512,17.599,
1789507580.245,8066.007,0.000,nil,2.000,false,ATTACK,ACTIVE,ARRIVED,false,0.000,0.000,false,0.000,-640.240,4.480,-218.043,40920547.000,0.512,17.866,
1789507580.513,8066.274,0.000,nil,2.000,false,CHASE,ACTIVE,ARRIVED,false,0.000,0.000,false,0.000,-640.240,4.480,-218.043,40920547.000,0.512,18.133,
1789507580.778,8066.540,0.000,nil,2.000,false,CHASE,ACTIVE,ARRIVED,false,0.000,0.000,false,0.000,-640.240,4.480,-218.043,40920547.000,0.512,18.399,
1789507581.045,8066.807,0.000,nil,2.000,false,CHASE,ACTIVE,ARRIVED,false,0.000,0.000,false,0.000,-640.240,4.480,-218.043,40920547.000,0.512,18.666,
1789507581.313,8067.074,0.000,nil,2.000,false,CHASE,ACTIVE,ARRIVED,false,0.000,0.000,false,0.000,-640.240,4.480,-218.043,40920547.000,0.512,18.933,
1789507581.579,8067.341,0.000,nil,2.000,false,CHASE,ACTIVE,ARRIVED,false,0.000,0.000,false,0.000,-640.240,4.480,-218.043,40920547.000,0.512,19.200,
1789507581.846,8067.608,0.000,nil,2.000,false,ATTACK,ACTIVE,ARRIVED,false,0.000,0.000,false,0.000,-640.240,4.480,-218.043,40920547.000,0.512,19.466,
1789507582.112,8067.874,0.000,nil,2.000,false,ATTACK,ACTIVE,ARRIVED,false,0.000,0.000,false,0.000,-640.240,4.480,-218.043,40920547.000,0.512,19.733,
1789507582.379,8068.141,0.000,nil,2.000,false,ATTACK,ACTIVE,ARRIVED,false,0.000,0.000,false,0.000,-640.240,4.480,-218.043,40920547.000,0.512,19.999,
1789507582.646,8068.407,0.000,nil,2.000,false,ATTACK,ACTIVE,ARRIVED,false,0.000,0.000,false,0.000,-640.240,4.480,-218.043,40920547.000,0.512,20.266,
1789507582.913,8068.674,0.000,nil,2.000,false,CHASE,ACTIVE,ARRIVED,false,0.000,0.000,false,0.000,-640.240,4.480,-218.043,40920547.000,0.512,20.533,
1789507583.179,8068.941,0.000,nil,2.000,false,CHASE,ACTIVE,ARRIVED,false,0.000,0.000,false,0.000,-640.240,4.480,-218.043,40920547.000,0.512,20.800,
1789507583.446,8069.208,0.000,nil,2.000,false,CHASE,ACTIVE,ARRIVED,false,0.000,0.000,false,0.000,-640.240,4.480,-218.043,40920547.000,0.512,21.067,
1789507583.712,8069.474,0.000,nil,2.000,false,CHASE,ACTIVE,ARRIVED,false,0.000,0.000,false,0.000,-640.240,4.480,-218.043,40920547.000,0.512,21.333,
1789507583.978,8069.739,0.000,nil,2.000,false,CHASE,ACTIVE,ARRIVED,false,0.000,0.000,false,0.000,-640.240,4.480,-218.043,40920547.000,0.512,21.599,
1789507584.245,8070.007,0.000,nil,2.000,false,ATTACK,ACTIVE,ARRIVED,false,0.000,0.000,false,0.000,-640.240,4.480,-218.043,40920547.000,0.512,21.866,
1789507584.512,8070.274,0.000,nil,2.000,false,ATTACK,ACTIVE,ARRIVED,false,0.000,0.000,false,0.000,-640.240,4.480,-218.043,40920547.000,0.512,22.132,
1789507584.779,8070.541,0.000,nil,2.000,false,ATTACK,ACTIVE,ARRIVED,false,0.000,0.000,false,0.000,-640.240,4.480,-218.043,40920547.000,0.512,22.400,
1789507585.046,8070.807,0.000,nil,2.000,false,ATTACK,ACTIVE,ARRIVED,false,0.000,0.000,false,0.000,-640.240,4.480,-218.043,40920547.000,0.512,22.666,
1789507585.312,8071.074,0.000,nil,2.000,false,CHASE,ACTIVE,ARRIVED,false,0.000,0.000,false,0.000,-640.240,4.480,-218.043,40920547.000,0.512,22.933,
1789507585.578,8071.340,0.000,nil,2.000,false,CHASE,ACTIVE,ARRIVED,false,0.000,0.000,false,0.000,-640.240,4.480,-218.043,40920547.000,0.512,23.199,
1789507585.846,8071.607,0.000,nil,2.000,false,CHASE,ACTIVE,ARRIVED,false,0.000,0.000,false,0.000,-640.240,4.480,-218.043,40920547.000,0.512,23.466,
1789507586.113,8071.874,0.000,nil,2.000,false,CHASE,ACTIVE,ARRIVED,false,0.000,0.000,false,0.000,-640.240,4.480,-218.043,40920547.000,0.512,23.733,
1789507586.378,8072.140,0.000,nil,2.000,false,CHASE,ACTIVE,ARRIVED,false,0.000,0.000,false,0.000,-640.240,4.480,-218.043,40920547.000,0.512,23.999,
1789507586.645,8072.407,0.000,nil,2.000,false,ATTACK,ACTIVE,ARRIVED,false,0.000,0.000,false,0.000,-640.240,4.480,-218.043,40920547.000,0.512,24.265,
1789507586.912,8072.673,0.000,nil,2.000,false,ATTACK,ACTIVE,ARRIVED,false,0.000,0.000,false,0.000,-640.240,4.480,-218.043,40920547.000,0.512,24.532,
1789507587.179,8072.940,0.000,nil,2.000,false,ATTACK,ACTIVE,ARRIVED,false,0.000,0.000,false,0.000,-640.240,4.480,-218.043,40920547.000,0.512,24.799,
1789507587.446,8073.207,0.000,nil,2.000,false,ATTACK,ACTIVE,ARRIVED,false,0.000,0.000,false,0.000,-640.240,4.480,-218.043,40920547.000,0.512,25.066,
1789507587.712,8073.474,0.000,nil,2.000,false,CHASE,ACTIVE,ARRIVED,false,0.000,0.000,false,0.000,-640.240,4.480,-218.043,40920547.000,0.512,25.333,
1789507587.978,8073.740,0.000,nil,2.000,false,CHASE,ACTIVE,ARRIVED,false,0.000,0.000,false,0.000,-640.240,4.480,-218.043,40920547.000,0.512,25.599,
1789507588.245,8074.006,0.000,nil,2.000,false,CHASE,ACTIVE,ARRIVED,false,0.000,0.000,false,0.000,-640.240,4.480,-218.043,40920547.000,0.512,25.865,
1789507588.511,8074.273,0.000,nil,2.000,false,CHASE,ACTIVE,ARRIVED,false,0.000,0.000,false,0.000,-640.240,4.480,-218.043,40920547.000,0.512,26.132,
1789507588.780,8074.542,0.000,nil,2.000,false,CHASE,ACTIVE,ARRIVED,false,0.000,0.000,false,0.000,-640.240,4.480,-218.043,40920547.000,0.512,26.401,
1789507589.045,8074.807,0.000,nil,2.000,false,ATTACK,ACTIVE,ARRIVED,false,0.000,0.000,false,0.000,-640.240,4.480,-218.043,40920547.000,0.512,26.666,
1789507589.312,8075.073,0.000,nil,2.000,false,ATTACK,ACTIVE,ARRIVED,false,0.000,0.000,false,0.000,-640.240,4.480,-218.043,40920547.000,0.512,26.932,
1789507589.580,8075.342,0.000,nil,2.000,false,ATTACK,ACTIVE,ARRIVED,false,0.000,0.000,false,0.000,-640.240,4.480,-218.043,40920547.000,0.512,27.201,
1789507589.846,8075.607,0.000,nil,2.000,false,ATTACK,ACTIVE,ARRIVED,false,0.000,0.000,false,0.000,-640.240,4.480,-218.043,40920547.000,0.512,27.466,
1789507590.112,8075.873,0.000,nil,2.000,false,CHASE,ACTIVE,ARRIVED,false,0.000,0.000,false,0.000,-640.240,4.480,-218.043,40920547.000,0.512,27.732,
1789507590.379,8076.141,0.000,nil,2.000,false,CHASE,ACTIVE,ARRIVED,false,0.000,0.000,false,0.000,-640.240,4.480,-218.043,40920547.000,0.512,28.000,
1789507590.645,8076.407,0.000,nil,2.000,false,CHASE,ACTIVE,ARRIVED,false,0.000,0.000,false,0.000,-640.240,4.480,-218.043,40920547.000,0.512,28.266,
1789507590.912,8076.673,0.000,nil,2.000,false,CHASE,ACTIVE,ARRIVED,false,0.000,0.000,false,0.000,-640.240,4.480,-218.043,40920547.000,0.512,28.532,
1789507591.179,8076.941,0.000,nil,2.000,false,CHASE,ACTIVE,ARRIVED,false,0.000,0.000,false,0.000,-640.240,4.480,-218.043,40920547.000,0.512,28.799,
1789507591.445,8077.207,0.000,nil,2.000,false,ATTACK,ACTIVE,ARRIVED,false,0.000,0.000,false,0.000,-640.240,4.480,-218.043,40920547.000,0.512,29.066,
1789507591.711,8077.473,0.000,nil,2.000,false,ATTACK,ACTIVE,ARRIVED,false,0.000,0.000,false,0.000,-640.240,4.480,-218.043,40920547.000,0.512,29.332,
1789507591.978,8077.739,0.000,nil,2.000,false,ATTACK,ACTIVE,ARRIVED,false,0.000,0.000,false,0.000,-640.240,4.480,-218.043,40920547.000,0.512,29.599,
1789507592.245,8078.007,0.000,nil,2.000,false,ATTACK,ACTIVE,ARRIVED,false,0.000,0.000,false,0.000,-640.240,4.480,-218.043,40920547.000,0.512,29.866,
1789507592.513,8078.275,0.000,nil,2.000,false,CHASE,ACTIVE,ARRIVED,false,0.000,0.000,false,0.000,-640.240,4.480,-218.043,40920547.000,0.512,30.134,
1789507592.778,8078.540,0.000,nil,2.000,false,CHASE,ACTIVE,ARRIVED,false,0.000,0.000,false,0.000,-640.240,4.480,-218.043,40920547.000,0.512,30.398,
1789507593.045,8078.807,0.000,nil,2.000,false,CHASE,ACTIVE,ARRIVED,false,0.000,0.000,false,0.000,-640.240,4.480,-218.043,40920547.000,0.512,30.666,
1789507593.312,8079.073,0.000,nil,2.000,false,CHASE,ACTIVE,ARRIVED,false,0.000,0.000,false,0.000,-640.240,4.480,-218.043,40920547.000,0.512,30.932,
1789507593.579,8079.340,0.000,nil,2.000,false,CHASE,ACTIVE,ARRIVED,false,0.000,0.000,false,0.000,-640.240,4.480,-218.043,40920547.000,0.512,31.199,
1789507593.846,8079.608,0.000,nil,2.000,false,ATTACK,ACTIVE,ARRIVED,false,0.000,0.000,false,0.000,-640.240,4.480,-218.043,40920547.000,0.512,31.467,
1789507594.113,8079.874,0.000,nil,2.000,false,ATTACK,ACTIVE,ARRIVED,false,0.000,0.000,false,0.000,-640.240,4.480,-218.043,40920547.000,0.512,31.733,
1789507594.378,8080.140,0.000,nil,2.000,false,ATTACK,ACTIVE,ARRIVED,false,0.000,0.000,false,0.000,-640.240,4.480,-218.043,40920547.000,0.512,31.999,
1789507594.645,8080.407,0.000,nil,2.000,false,ATTACK,ACTIVE,ARRIVED,false,0.000,0.000,false,0.000,-640.240,4.480,-218.043,40920547.000,0.512,32.266,
1789507594.912,8080.674,0.000,nil,2.000,false,ATTACK,ACTIVE,ARRIVED,false,0.000,0.000,false,0.000,-640.240,4.480,-218.043,40920547.000,0.512,32.533,
1789507595.178,8080.940,0.000,nil,2.000,false,CHASE,ACTIVE,ARRIVED,false,0.000,0.000,false,0.000,-640.240,4.480,-218.043,40920547.000,0.512,32.799,
1789507595.445,8081.207,0.000,nil,2.000,false,CHASE,ACTIVE,ARRIVED,false,0.000,0.000,false,0.000,-640.240,4.480,-218.043,40920547.000,0.512,33.066,
1789507595.712,8081.473,0.000,nil,2.000,false,CHASE,ACTIVE,ARRIVED,false,0.000,0.000,false,0.000,-640.240,4.480,-218.043,40920547.000,0.512,33.332,
1789507595.980,8081.741,0.000,nil,2.000,false,CHASE,ACTIVE,ARRIVED,false,0.000,0.000,false,0.000,-640.240,4.480,-218.043,40920547.000,0.512,33.600,
1789507596.245,8082.007,0.000,nil,2.000,false,ATTACK,ACTIVE,ARRIVED,false,0.000,0.000,false,0.000,-640.240,4.480,-218.043,40920547.000,0.512,33.866,
1789507596.512,8082.273,0.000,nil,2.000,false,ATTACK,ACTIVE,ARRIVED,false,0.000,0.000,false,0.000,-640.240,4.480,-218.043,40920547.000,0.512,34.132,
1789507596.778,8082.539,0.000,nil,2.000,false,ATTACK,ACTIVE,ARRIVED,false,0.000,0.000,false,0.000,-640.240,4.480,-218.043,40920547.000,0.512,34.399,
1789507597.046,8082.807,0.000,nil,2.000,false,ATTACK,ACTIVE,ARRIVED,false,0.000,0.000,false,0.000,-640.240,4.480,-218.043,40920547.000,0.512,34.666,
1789507597.312,8083.073,0.000,nil,2.000,false,ATTACK,ACTIVE,ARRIVED,false,0.000,0.000,false,0.000,-640.240,4.480,-218.043,40920547.000,0.512,34.933,
1789507597.578,8083.340,0.000,nil,2.000,false,CHASE,ACTIVE,ARRIVED,false,0.000,0.000,false,0.000,-640.240,4.480,-218.043,40920547.000,0.512,35.199,
1789507597.845,8083.607,0.000,nil,2.000,false,CHASE,ACTIVE,ARRIVED,false,0.000,0.000,false,0.000,-640.240,4.480,-218.043,40920547.000,0.512,35.466,
1789507598.112,8083.873,0.000,nil,2.000,false,CHASE,ACTIVE,ARRIVED,false,0.000,0.000,false,0.000,-640.240,4.480,-218.043,40920547.000,0.512,35.732,
1789507598.378,8084.139,0.000,nil,2.000,false,CHASE,ACTIVE,ARRIVED,false,0.000,0.000,false,0.000,-640.240,4.480,-218.043,40920547.000,0.512,35.999,
1789507598.645,8084.406,0.000,nil,2.000,false,ATTACK,ACTIVE,ARRIVED,false,0.000,0.000,false,0.000,-640.240,4.480,-218.043,40920547.000,0.512,36.265,
1789507598.912,8084.673,0.000,nil,2.000,false,ATTACK,ACTIVE,ARRIVED,false,0.000,0.000,false,0.000,-640.240,4.480,-218.043,40920547.000,0.512,36.532,
1789507599.178,8084.940,0.000,nil,2.000,false,ATTACK,ACTIVE,ARRIVED,false,0.000,0.000,false,0.000,-640.240,4.480,-218.043,40920547.000,0.512,36.799,
1789507599.445,8085.206,0.000,nil,2.000,false,ATTACK,ACTIVE,ARRIVED,false,0.000,0.000,false,0.000,-640.240,4.480,-218.043,40920547.000,0.512,37.065,
1789507599.711,8085.473,0.000,nil,2.000,false,ATTACK,ACTIVE,ARRIVED,false,0.000,0.000,false,0.000,-640.240,4.480,-218.043,40920547.000,0.512,37.332,
1789507599.978,8085.739,0.000,nil,2.000,false,CHASE,ACTIVE,ARRIVED,false,0.000,0.000,false,0.000,-640.240,4.480,-218.043,40920547.000,0.512,37.599,
1789507600.245,8086.006,0.000,nil,2.000,false,CHASE,ACTIVE,ARRIVED,false,0.000,0.000,false,0.000,-640.240,4.480,-218.043,40920547.000,0.512,37.865,
1789507600.512,8086.273,0.000,nil,2.000,false,CHASE,ACTIVE,ARRIVED,false,0.000,0.000,false,0.000,-640.240,4.480,-218.043,40920547.000,0.512,38.132,
1789507600.779,8086.540,0.000,nil,2.000,false,CHASE,ACTIVE,ARRIVED,false,0.000,0.000,false,0.000,-640.240,4.480,-218.043,40920547.000,0.512,38.399,
1789507601.045,8086.807,0.000,nil,2.000,false,ATTACK,ACTIVE,ARRIVED,false,0.000,0.000,false,0.000,-640.240,4.480,-218.043,40920547.000,0.512,38.666,
1789507601.313,8087.075,0.000,nil,2.000,false,ATTACK,ACTIVE,ARRIVED,false,0.000,0.000,false,0.000,-640.240,4.480,-218.043,40920547.000,0.512,38.934,
1789507601.578,8087.340,0.000,nil,2.000,false,ATTACK,ACTIVE,ARRIVED,false,0.000,0.000,false,0.000,-640.240,4.480,-218.043,40920547.000,0.512,39.199,
1789507601.846,8087.607,0.000,nil,2.000,false,ATTACK,ACTIVE,ARRIVED,false,0.000,0.000,false,0.000,-640.240,4.480,-218.043,40920547.000,0.512,39.466,
1789507602.111,8087.873,0.000,nil,2.000,false,ATTACK,ACTIVE,ARRIVED,false,0.000,0.000,false,0.000,-640.240,4.480,-218.043,40920547.000,0.512,39.732,
1789507602.378,8088.139,0.000,nil,2.000,false,CHASE,ACTIVE,ARRIVED,false,0.000,0.000,false,0.000,-640.240,4.480,-218.043,40920547.000,0.512,39.998,
1789507602.645,8088.406,0.000,nil,2.000,false,CHASE,ACTIVE,ARRIVED,false,0.000,0.000,false,0.000,-640.240,4.480,-218.043,40920547.000,0.512,40.265,
1789507602.911,8088.673,0.000,nil,2.000,false,CHASE,ACTIVE,ARRIVED,false,0.000,0.000,false,0.000,-640.240,4.480,-218.043,40920547.000,0.512,40.532,
1789507603.178,8088.939,0.000,nil,2.000,false,CHASE,ACTIVE,ARRIVED,false,0.000,0.000,false,0.000,-640.240,4.480,-218.043,40920547.000,0.512,40.798,
1789507603.445,8089.207,0.000,nil,2.000,false,ATTACK,ACTIVE,ARRIVED,false,0.000,0.000,false,0.000,-640.240,4.480,-218.043,40920547.000,0.512,41.066,
1789507603.711,8089.472,0.000,nil,2.000,false,ATTACK,ACTIVE,ARRIVED,false,0.000,0.000,false,0.000,-640.240,4.480,-218.043,40920547.000,0.512,41.332,
1789507603.978,8089.740,0.000,nil,2.000,false,ATTACK,ACTIVE,ARRIVED,false,0.000,0.000,false,0.000,-640.240,4.480,-218.043,40920547.000,0.512,41.599,
1789507604.245,8090.007,0.000,nil,2.000,false,ATTACK,ACTIVE,ARRIVED,false,0.000,0.000,false,0.000,-640.240,4.480,-218.043,40920547.000,0.512,41.866,
1789507604.512,8090.273,0.000,nil,2.000,false,ATTACK,ACTIVE,ARRIVED,false,0.000,0.000,false,0.000,-640.240,4.480,-218.043,40920547.000,0.512,42.133,
1789507604.808,8090.572,0.000,nil,2.000,false,IDLE,ACTIVE,ARRIVED,false,0.000,0.000,false,0.000,-640.240,4.480,-218.043,0.000,-1.000,0.000,
1789507605.131,8090.893,0.000,nil,2.000,false,IDLE,ACTIVE,ARRIVED,false,0.000,0.000,false,0.000,-640.240,4.480,-218.043,0.000,-1.000,0.000,
1789507605.468,8091.230,0.000,nil,2.000,false,IDLE,ACTIVE,ARRIVED,false,0.000,0.000,false,0.000,-640.240,4.480,-218.043,0.000,-1.000,0.000,
1789507605.766,8091.528,0.000,nil,2.000,false,IDLE,ACTIVE,ARRIVED,false,0.000,0.000,false,0.000,-640.240,4.480,-218.043,0.000,-1.000,0.000,
1789507606.029,8091.790,0.000,nil,2.000,false,IDLE,ACTIVE,ARRIVED,false,0.000,0.000,false,0.000,-640.240,4.480,-218.043,0.000,-1.000,0.000,
1789507606.295,8092.056,0.000,nil,2.000,false,IDLE,ACTIVE,ARRIVED,false,0.000,0.000,false,0.000,-640.240,4.480,-218.043,0.000,-1.000,0.000,
1789507606.561,8092.323,0.000,nil,2.000,false,IDLE,ACTIVE,ARRIVED,false,0.000,0.000,false,0.000,-640.240,4.480,-218.043,0.000,-1.000,0.000,
1789507606.828,8092.590,0.000,nil,2.000,false,IDLE,ACTIVE,ARRIVED,false,0.000,0.000,false,0.000,-640.240,4.480,-218.043,0.000,-1.000,0.000,
1789507607.094,8092.856,0.000,nil,2.000,false,IDLE,ACTIVE,ARRIVED,false,0.000,0.000,false,0.000,-640.240,4.480,-218.043,0.000,-1.000,0.000,
1789507607.364,8093.126,0.000,nil,2.000,false,IDLE,ACTIVE,ARRIVED,false,0.000,0.000,false,0.000,-640.240,4.480,-218.043,0.000,-1.000,0.000,
1789507607.628,8093.389,0.000,nil,2.000,false,IDLE,ACTIVE,ARRIVED,false,0.000,0.000,false,0.000,-640.240,4.480,-218.043,0.000,-1.000,0.000,
1789507607.895,8093.656,0.000,nil,2.000,false,IDLE,ACTIVE,ARRIVED,false,0.000,0.000,false,0.000,-640.240,4.480,-218.043,0.000,-1.000,0.000,
1789507608.162,8093.923,0.000,nil,2.000,false,IDLE,ACTIVE,ARRIVED,false,0.000,0.000,false,0.000,-640.240,4.480,-218.043,0.000,-1.000,0.000,
1789507608.428,8094.189,0.000,nil,2.000,false,IDLE,ACTIVE,ARRIVED,false,0.000,0.000,false,0.000,-640.240,4.480,-218.043,0.000,-1.000,0.000,
1789507608.696,8094.457,0.000,nil,2.000,false,IDLE,ACTIVE,ARRIVED,false,0.000,0.000,false,0.000,-640.240,4.480,-218.043,0.000,-1.000,0.000,
1789507608.965,8094.727,0.000,nil,2.000,false,IDLE,ACTIVE,ARRIVED,false,0.000,0.000,false,0.000,-640.240,4.480,-218.043,0.000,-1.000,0.000,
1789507609.228,8094.989,0.000,nil,2.000,false,IDLE,ACTIVE,ARRIVED,false,0.000,0.000,false,0.000,-640.240,4.480,-218.043,0.000,-1.000,0.000,
1789507609.495,8095.256,0.000,nil,2.000,false,IDLE,ACTIVE,ARRIVED,false,0.000,0.000,false,0.000,-640.240,4.480,-218.043,0.000,-1.000,0.000,
1789507609.762,8095.523,0.000,nil,2.000,false,IDLE,ACTIVE,ARRIVED,false,0.000,0.000,false,0.000,-640.240,4.480,-218.043,0.000,-1.000,0.000,
1789507610.028,8095.790,0.000,nil,2.000,false,IDLE,ACTIVE,ARRIVED,false,0.000,0.000,false,0.000,-640.240,4.480,-218.043,0.000,-1.000,0.000,
1789507610.294,8096.056,0.000,nil,2.000,false,IDLE,ACTIVE,ARRIVED,false,0.000,0.000,false,0.000,-640.240,4.480,-218.043,0.000,-1.000,0.000,
1789507610.561,8096.323,0.000,nil,2.000,false,IDLE,ACTIVE,ARRIVED,false,0.000,0.000,false,0.000,-640.240,4.480,-218.043,0.000,-1.000,0.000,
1789507610.828,8096.590,0.000,nil,2.000,false,IDLE,ACTIVE,ARRIVED,false,0.000,0.000,false,0.000,-640.240,4.480,-218.043,0.000,-1.000,0.000,
1789507611.096,8096.857,0.000,nil,2.000,false,IDLE,ACTIVE,ARRIVED,false,0.000,0.000,false,0.000,-640.240,4.480,-218.043,0.000,-1.000,0.000,
1789507611.364,8097.126,0.000,nil,2.000,false,IDLE,ACTIVE,ARRIVED,false,0.000,0.000,false,0.000,-640.240,4.480,-218.043,0.000,-1.000,0.000,
1789507611.628,8097.389,0.000,nil,2.000,false,IDLE,ACTIVE,ARRIVED,false,0.000,0.000,false,0.000,-640.240,4.480,-218.043,0.000,-1.000,0.000,
1789507611.895,8097.657,0.000,nil,2.000,false,IDLE,ACTIVE,ARRIVED,false,0.000,0.000,false,0.000,-640.240,4.480,-218.043,0.000,-1.000,0.000,
1789507612.162,8097.923,0.000,nil,2.000,false,IDLE,ACTIVE,ARRIVED,false,0.000,0.000,false,0.000,-640.240,4.480,-218.043,0.000,-1.000,0.000,
1789507612.429,8098.190,0.000,nil,2.000,false,IDLE,ACTIVE,ARRIVED,false,0.000,0.000,false,0.000,-640.240,4.480,-218.043,0.000,-1.000,0.000,
1789507612.695,8098.456,0.000,nil,2.000,false,IDLE,ACTIVE,ARRIVED,false,0.000,0.000,false,0.000,-640.240,4.480,-218.043,0.000,-1.000,0.000,
1789507612.964,8098.725,0.000,nil,2.000,false,IDLE,ACTIVE,ARRIVED,false,0.000,0.000,false,0.000,-640.240,4.480,-218.043,0.000,-1.000,0.000,
1789507613.228,8098.989,0.000,nil,2.000,false,IDLE,ACTIVE,ARRIVED,false,0.000,0.000,false,0.000,-640.240,4.480,-218.043,0.000,-1.000,0.000,
1789507613.494,8099.255,0.000,nil,2.000,false,IDLE,ACTIVE,ARRIVED,false,0.000,0.000,false,0.000,-640.240,4.480,-218.043,0.000,-1.000,0.000,
1789507613.761,8099.522,0.000,nil,2.000,false,IDLE,ACTIVE,ARRIVED,false,0.000,0.000,false,0.000,-640.240,4.480,-218.043,0.000,-1.000,0.000,
1789507614.028,8099.790,0.000,nil,2.000,false,IDLE,ACTIVE,ARRIVED,false,0.000,0.000,false,0.000,-640.240,4.480,-218.043,0.000,-1.000,0.000,
1789507614.294,8100.056,0.000,nil,2.000,false,IDLE,ACTIVE,ARRIVED,false,0.000,0.000,false,0.000,-640.240,4.480,-218.043,0.000,-1.000,0.000,
1789507614.562,8100.323,0.000,nil,2.000,false,IDLE,ACTIVE,ARRIVED,false,0.000,0.000,false,0.000,-640.240,4.480,-218.043,0.000,-1.000,0.000,
1789507614.827,8100.589,0.000,nil,2.000,false,IDLE,ACTIVE,ARRIVED,false,0.000,0.000,false,0.000,-640.240,4.480,-218.043,0.000,-1.000,0.000,
1789507615.094,8100.855,0.000,nil,2.000,false,IDLE,ACTIVE,ARRIVED,false,0.000,0.000,false,0.000,-640.240,4.480,-218.043,0.000,-1.000,0.000,
1789507615.364,8101.125,0.000,nil,2.000,false,IDLE,ACTIVE,ARRIVED,false,0.000,0.000,false,0.000,-640.240,4.480,-218.043,0.000,-1.000,0.000,
1789507615.628,8101.390,0.000,nil,2.000,false,IDLE,ACTIVE,ARRIVED,false,0.000,0.000,false,0.000,-640.240,4.480,-218.043,0.000,-1.000,0.000,
1789507615.894,8101.656,0.000,nil,2.000,false,IDLE,ACTIVE,ARRIVED,false,0.000,0.000,false,0.000,-640.240,4.480,-218.043,0.000,-1.000,0.000,
1789507616.162,8101.923,0.000,nil,2.000,false,IDLE,ACTIVE,ARRIVED,false,0.000,0.000,false,0.000,-640.240,4.480,-218.043,0.000,-1.000,0.000,
1789507616.427,8102.189,0.000,nil,2.000,false,IDLE,ACTIVE,ARRIVED,false,0.000,0.000,false,0.000,-640.240,4.480,-218.043,0.000,-1.000,0.000,
1789507616.694,8102.455,0.000,nil,2.000,false,IDLE,ACTIVE,ARRIVED,false,0.000,0.000,false,0.000,-640.240,4.480,-218.043,0.000,-1.000,0.000,
1789507616.964,8102.725,0.000,nil,2.000,false,IDLE,ACTIVE,ARRIVED,false,0.000,0.000,false,0.000,-640.240,4.480,-218.043,0.000,-1.000,0.000,
1789507617.228,8102.989,0.000,nil,2.000,false,IDLE,ACTIVE,ARRIVED,false,0.000,0.000,false,0.000,-640.240,4.480,-218.043,0.000,-1.000,0.000,
1789507617.495,8103.257,0.000,nil,2.000,false,IDLE,ACTIVE,ARRIVED,false,0.000,0.000,false,0.000,-640.240,4.480,-218.043,0.000,-1.000,0.000,
1789507617.760,8103.522,0.000,nil,2.000,false,IDLE,ACTIVE,ARRIVED,false,0.000,0.000,false,0.000,-640.240,4.480,-218.043,0.000,-1.000,0.000,
1789507618.028,8103.789,0.000,nil,2.000,false,IDLE,ACTIVE,ARRIVED,false,0.000,0.000,false,0.000,-640.240,4.480,-218.043,0.000,-1.000,0.000,
1789507618.295,8104.056,0.000,nil,2.000,false,IDLE,ACTIVE,ARRIVED,false,0.000,0.000,false,0.000,-640.240,4.480,-218.043,0.000,-1.000,0.000,
1789507618.562,8104.324,0.000,nil,2.000,false,IDLE,ACTIVE,ARRIVED,false,0.000,0.000,false,0.000,-640.240,4.480,-218.043,0.000,-1.000,0.000,
1789507618.828,8104.589,0.000,nil,2.000,false,IDLE,ACTIVE,ARRIVED,false,0.000,0.000,false,0.000,-640.240,4.480,-218.043,0.000,-1.000,0.000,
1789507619.095,8104.856,0.000,nil,2.000,false,IDLE,ACTIVE,ARRIVED,false,0.000,0.000,false,0.000,-640.240,4.480,-218.043,0.000,-1.000,0.000,
1789507619.364,8105.125,0.000,nil,2.000,false,IDLE,ACTIVE,ARRIVED,false,0.000,0.000,false,0.000,-640.240,4.480,-218.043,0.000,-1.000,0.000,
1789507619.628,8105.390,0.000,nil,2.000,false,IDLE,ACTIVE,ARRIVED,false,0.000,0.000,false,0.000,-640.240,4.480,-218.043,0.000,-1.000,0.000,
1789507619.894,8105.655,0.000,nil,2.000,false,IDLE,ACTIVE,ARRIVED,false,0.000,0.000,false,0.000,-640.240,4.480,-218.043,0.000,-1.000,0.000,
1789507620.162,8105.923,0.000,nil,2.000,false,IDLE,ACTIVE,ARRIVED,false,0.000,0.000,false,0.000,-640.240,4.480,-218.043,0.000,-1.000,0.000,
1789507620.427,8106.188,0.000,nil,2.000,false,IDLE,ACTIVE,ARRIVED,false,0.000,0.000,false,0.000,-640.240,4.480,-218.043,0.000,-1.000,0.000,
1789507620.693,8106.455,0.000,nil,2.000,false,DORMANT,ACTIVE,ARRIVED,false,0.000,0.000,false,0.000,-640.240,4.480,-218.043,0.000,-1.000,0.000,
1789507620.962,8106.723,0.000,nil,2.000,false,DORMANT,ACTIVE,ARRIVED,false,0.000,0.000,false,0.000,-640.240,4.480,-218.043,0.000,-1.000,0.000,
1789507621.227,8106.989,0.000,nil,2.000,false,DORMANT,ACTIVE,ARRIVED,false,0.000,0.000,false,0.000,-640.240,4.480,-218.043,0.000,-1.000,0.000,
1789507621.494,8107.255,0.000,nil,2.000,false,DORMANT,ACTIVE,ARRIVED,false,0.000,0.000,false,0.000,-640.240,4.480,-218.043,0.000,-1.000,0.000,
1789507621.761,8107.522,0.000,nil,2.000,false,DORMANT,ACTIVE,ARRIVED,false,0.000,0.000,false,0.000,-640.240,4.480,-218.043,0.000,-1.000,0.000,
1789507622.028,8107.790,0.000,nil,2.000,false,DORMANT,ACTIVE,ARRIVED,false,0.000,0.000,false,0.000,-640.240,4.480,-218.043,0.000,-1.000,0.000,
1789507622.293,8108.055,0.000,nil,2.000,false,DORMANT,ACTIVE,ARRIVED,false,0.000,0.000,false,0.000,-640.240,4.480,-218.043,0.000,-1.000,0.000,
1789507622.561,8108.323,0.000,nil,2.000,false,DORMANT,ACTIVE,ARRIVED,false,0.000,0.000,false,0.000,-640.240,4.480,-218.043,0.000,-1.000,0.000,
1789507622.829,8108.590,0.000,nil,2.000,false,DORMANT,ACTIVE,ARRIVED,false,0.000,0.000,false,0.000,-640.240,4.480,-218.043,0.000,-1.000,0.000,
1789507623.095,8108.856,0.000,nil,2.000,false,DORMANT,ACTIVE,ARRIVED,false,0.000,0.000,false,0.000,-640.240,4.480,-218.043,0.000,-1.000,0.000,
1789507623.360,8109.121,0.000,nil,2.000,false,DORMANT,ACTIVE,ARRIVED,false,0.000,0.000,false,0.000,-640.240,4.480,-218.043,0.000,-1.000,0.000,
1789507623.627,8109.388,0.000,nil,2.000,false,DORMANT,ACTIVE,ARRIVED,false,0.000,0.000,false,0.000,-640.240,4.480,-218.043,0.000,-1.000,0.000,
1789507623.895,8109.656,0.000,nil,2.000,false,DORMANT,ACTIVE,ARRIVED,false,0.000,0.000,false,0.000,-640.240,4.480,-218.043,0.000,-1.000,0.000,
1789507624.160,8109.921,0.000,nil,2.000,false,DORMANT,ACTIVE,ARRIVED,false,0.000,0.000,false,0.000,-640.240,4.480,-218.043,0.000,-1.000,0.000,
1789507624.427,8110.188,0.000,nil,2.000,false,DORMANT,ACTIVE,ARRIVED,false,0.000,0.000,false,0.000,-640.240,4.480,-218.043,0.000,-1.000,0.000,
1789507624.694,8110.456,0.000,nil,2.000,false,DORMANT,ACTIVE,ARRIVED,false,0.000,0.000,false,0.000,-640.240,4.480,-218.043,0.000,-1.000,0.000,
1789507624.962,8110.723,0.000,nil,2.000,false,DORMANT,ACTIVE,ARRIVED,false,0.000,0.000,false,0.000,-640.240,4.480,-218.043,0.000,-1.000,0.000,
1789507625.227,8110.988,0.000,nil,2.000,false,DORMANT,ACTIVE,ARRIVED,false,0.000,0.000,false,0.000,-640.240,4.480,-218.043,0.000,-1.000,0.000,
1789507625.494,8111.255,0.000,nil,2.000,false,DORMANT,ACTIVE,ARRIVED,false,0.000,0.000,false,0.000,-640.240,4.480,-218.043,0.000,-1.000,0.000,
1789507625.761,8111.523,0.000,nil,2.000,false,DORMANT,ACTIVE,ARRIVED,false,0.000,0.000,false,0.000,-640.240,4.480,-218.043,0.000,-1.000,0.000,
1789507626.481,8112.240,0.000,nil,0.000,false,IDLE,DORMANT,IDLE,false,0.000,0.000,false,0.000,0.000,0.000,0.000,0.000,-1.000,0.000,
1789507626.743,8112.503,0.000,nil,0.000,false,IDLE,DORMANT,IDLE,false,0.000,0.000,false,0.000,0.000,0.000,0.000,0.000,-1.000,0.000,
1789507627.010,8112.770,0.000,nil,0.000,false,IDLE,DORMANT,IDLE,false,0.000,0.000,false,0.000,0.000,0.000,0.000,0.000,-1.000,0.000,
1789507627.276,8113.035,0.000,nil,0.000,false,IDLE,DORMANT,IDLE,false,0.000,0.000,false,0.000,0.000,0.000,0.000,0.000,-1.000,0.000,
1789507627.544,8113.304,0.000,nil,0.000,false,IDLE,DORMANT,IDLE,false,0.000,0.000,false,0.000,0.000,0.000,0.000,0.000,-1.000,0.000,
1789507627.810,8113.571,0.000,nil,0.000,false,IDLE,DORMANT,IDLE,false,0.000,0.000,false,0.000,0.000,0.000,0.000,0.000,-1.000,0.000,
1789507628.077,8113.836,0.000,nil,0.000,false,IDLE,DORMANT,IDLE,false,0.000,0.000,false,0.000,0.000,0.000,0.000,0.000,-1.000,0.000,
1789507628.344,8114.103,0.000,nil,0.000,false,IDLE,DORMANT,IDLE,false,0.000,0.000,false,0.000,0.000,0.000,0.000,0.000,-1.000,0.000,
1789507628.611,8114.371,0.000,nil,0.000,false,IDLE,DORMANT,IDLE,false,0.000,0.000,false,0.000,0.000,0.000,0.000,0.000,-1.000,0.000,
1789507628.876,8114.636,0.000,nil,0.000,false,IDLE,DORMANT,IDLE,false,0.000,0.000,false,0.000,0.000,0.000,0.000,0.000,-1.000,0.000,
1789507629.143,8114.903,0.000,nil,0.000,false,IDLE,DORMANT,IDLE,false,0.000,0.000,false,0.000,0.000,0.000,0.000,0.000,-1.000,0.000,
1789507629.410,8115.170,0.000,nil,0.000,false,IDLE,DORMANT,IDLE,false,0.000,0.000,false,0.000,0.000,0.000,0.000,0.000,-1.000,0.000,
1789507629.678,8115.438,0.000,nil,0.000,false,IDLE,DORMANT,IDLE,false,0.000,0.000,false,0.000,0.000,0.000,0.000,0.000,-1.000,0.000,
1789507629.944,8115.704,0.000,nil,0.000,false,IDLE,DORMANT,IDLE,false,0.000,0.000,false,0.000,0.000,0.000,0.000,0.000,-1.000,0.000,
1789507630.209,8115.969,0.000,nil,0.000,false,IDLE,DORMANT,IDLE,false,0.000,0.000,false,0.000,0.000,0.000,0.000,0.000,-1.000,0.000,
1789507630.476,8116.236,0.000,nil,0.000,false,IDLE,DORMANT,IDLE,false,0.000,0.000,false,0.000,0.000,0.000,0.000,0.000,-1.000,0.000,
1789507630.743,8116.503,0.000,nil,0.000,false,IDLE,DORMANT,IDLE,false,0.000,0.000,false,0.000,0.000,0.000,0.000,0.000,-1.000,0.000,
1789507631.010,8116.770,0.000,nil,0.000,false,IDLE,DORMANT,IDLE,false,0.000,0.000,false,0.000,0.000,0.000,0.000,0.000,-1.000,0.000,
1789507631.278,8117.038,0.000,nil,0.000,false,IDLE,DORMANT,IDLE,false,0.000,0.000,false,0.000,0.000,0.000,0.000,0.000,-1.000,0.000,
1789507631.543,8117.303,0.000,nil,0.000,false,IDLE,DORMANT,IDLE,false,0.000,0.000,false,0.000,0.000,0.000,0.000,0.000,-1.000,0.000,
1789507631.810,8117.570,0.000,nil,0.000,false,IDLE,DORMANT,IDLE,false,0.000,0.000,false,0.000,0.000,0.000,0.000,0.000,-1.000,0.000,
1789507632.076,8117.836,0.000,nil,0.000,false,IDLE,DORMANT,IDLE,false,0.000,0.000,false,0.000,0.000,0.000,0.000,0.000,-1.000,0.000,
1789507632.343,8118.103,0.000,nil,0.000,false,IDLE,DORMANT,IDLE,false,0.000,0.000,false,0.000,0.000,0.000,0.000,0.000,-1.000,0.000,
1789507632.611,8118.371,0.000,nil,0.000,false,IDLE,DORMANT,IDLE,false,0.000,0.000,false,0.000,0.000,0.000,0.000,0.000,-1.000,0.000,
1789507632.877,8118.637,0.000,nil,0.000,false,IDLE,DORMANT,IDLE,false,0.000,0.000,false,0.000,0.000,0.000,0.000,0.000,-1.000,0.000,
1789507633.144,8118.904,0.000,nil,0.000,false,IDLE,DORMANT,IDLE,false,0.000,0.000,false,0.000,0.000,0.000,0.000,0.000,-1.000,0.000,
1789507633.410,8119.170,0.000,nil,0.000,false,IDLE,DORMANT,IDLE,false,0.000,0.000,false,0.000,0.000,0.000,0.000,0.000,-1.000,0.000,
1789507633.677,8119.437,0.000,nil,0.000,false,IDLE,DORMANT,IDLE,false,0.000,0.000,false,0.000,0.000,0.000,0.000,0.000,-1.000,0.000,
1789507633.942,8119.702,0.000,nil,0.000,false,IDLE,DORMANT,IDLE,false,0.000,0.000,false,0.000,0.000,0.000,0.000,0.000,-1.000,0.000,
1789507634.210,8119.971,0.000,nil,0.000,false,IDLE,DORMANT,IDLE,false,0.000,0.000,false,0.000,0.000,0.000,0.000,0.000,-1.000,0.000,
1789507634.478,8120.238,0.000,nil,0.000,false,IDLE,DORMANT,IDLE,false,0.000,0.000,false,0.000,0.000,0.000,0.000,0.000,-1.000,0.000,
1789507634.744,8120.504,0.000,nil,0.000,false,IDLE,DORMANT,IDLE,false,0.000,0.000,false,0.000,0.000,0.000,0.000,0.000,-1.000,0.000,
1789507635.011,8120.770,0.000,nil,0.000,false,IDLE,DORMANT,IDLE,false,0.000,0.000,false,0.000,0.000,0.000,0.000,0.000,-1.000,0.000,
1789507635.277,8121.038,0.000,nil,0.000,false,IDLE,DORMANT,IDLE,false,0.000,0.000,false,0.000,0.000,0.000,0.000,0.000,-1.000,0.000,
1789507635.543,8121.304,0.000,nil,0.000,false,IDLE,DORMANT,IDLE,false,0.000,0.000,false,0.000,0.000,0.000,0.000,0.000,-1.000,0.000,
1789507635.809,8121.569,0.000,nil,0.000,false,IDLE,DORMANT,IDLE,false,0.000,0.000,false,0.000,0.000,0.000,0.000,0.000,-1.000,0.000,
1789507636.078,8121.838,0.000,nil,0.000,false,IDLE,DORMANT,IDLE,false,0.000,0.000,false,0.000,0.000,0.000,0.000,0.000,-1.000,0.000,
1789507636.342,8122.103,0.000,nil,0.000,false,IDLE,DORMANT,IDLE,false,0.000,0.000,false,0.000,0.000,0.000,0.000,0.000,-1.000,0.000,
1789507636.609,8122.370,0.000,nil,0.000,false,IDLE,DORMANT,IDLE,false,0.000,0.000,false,0.000,0.000,0.000,0.000,0.000,-1.000,0.000,
1789507636.877,8122.637,0.000,nil,0.000,false,IDLE,DORMANT,IDLE,false,0.000,0.000,false,0.000,0.000,0.000,0.000,0.000,-1.000,0.000,
1789507637.144,8122.903,0.000,nil,0.000,false,IDLE,DORMANT,IDLE,false,0.000,0.000,false,0.000,0.000,0.000,0.000,0.000,-1.000,0.000,
1789507637.410,8123.170,0.000,nil,0.000,false,IDLE,DORMANT,IDLE,false,0.000,0.000,false,0.000,0.000,0.000,0.000,0.000,-1.000,0.000,
1789507637.677,8123.437,0.000,nil,0.000,false,IDLE,DORMANT,IDLE,false,0.000,0.000,false,0.000,0.000,0.000,0.000,0.000,-1.000,0.000,
1789507637.944,8123.704,0.000,nil,0.000,false,IDLE,DORMANT,IDLE,false,0.000,0.000,false,0.000,0.000,0.000,0.000,0.000,-1.000,0.000,
1789507638.210,8123.971,0.000,nil,0.000,false,IDLE,DORMANT,IDLE,false,0.000,0.000,false,0.000,0.000,0.000,0.000,0.000,-1.000,0.000,
1789507638.476,8124.236,0.000,nil,0.000,false,IDLE,DORMANT,IDLE,false,0.000,0.000,false,0.000,0.000,0.000,0.000,0.000,-1.000,0.000,
1789507638.743,8124.503,0.000,nil,0.000,false,IDLE,DORMANT,IDLE,false,0.000,0.000,false,0.000,0.000,0.000,0.000,0.000,-1.000,0.000,
1789507639.009,8124.769,0.000,nil,0.000,false,IDLE,DORMANT,IDLE,false,0.000,0.000,false,0.000,0.000,0.000,0.000,0.000,-1.000,0.000,
1789507639.276,8125.037,0.000,nil,0.000,false,IDLE,DORMANT,IDLE,false,0.000,0.000,false,0.000,0.000,0.000,0.000,0.000,-1.000,0.000,
1789507639.543,8125.304,0.000,nil,0.000,false,IDLE,DORMANT,IDLE,false,0.000,0.000,false,0.000,0.000,0.000,0.000,0.000,-1.000,0.000,
1789507639.809,8125.568,0.000,nil,0.000,false,IDLE,DORMANT,IDLE,false,0.000,0.000,false,0.000,0.000,0.000,0.000,0.000,-1.000,0.000,
1789507640.077,8125.837,0.000,nil,0.000,false,IDLE,DORMANT,IDLE,false,0.000,0.000,false,0.000,0.000,0.000,0.000,0.000,-1.000,0.000,
1789507640.343,8126.104,0.000,nil,0.000,false,IDLE,DORMANT,IDLE,false,0.000,0.000,false,0.000,0.000,0.000,0.000,0.000,-1.000,0.000,
1789507640.609,8126.369,0.000,nil,0.000,false,IDLE,DORMANT,IDLE,false,0.000,0.000,false,0.000,0.000,0.000,0.000,0.000,-1.000,0.000,
1789507640.876,8126.637,0.000,nil,0.000,false,IDLE,DORMANT,IDLE,false,0.000,0.000,false,0.000,0.000,0.000,0.000,0.000,-1.000,0.000,
1789507641.143,8126.904,0.000,nil,0.000,false,IDLE,DORMANT,IDLE,false,0.000,0.000,false,0.000,0.000,0.000,0.000,0.000,-1.000,0.000,
1789507641.410,8127.169,0.000,nil,0.000,false,IDLE,DORMANT,IDLE,false,0.000,0.000,false,0.000,0.000,0.000,0.000,0.000,-1.000,0.000,
1789507641.676,8127.437,0.000,nil,0.000,false,IDLE,DORMANT,IDLE,false,0.000,0.000,false,0.000,0.000,0.000,0.000,0.000,-1.000,0.000,
1789507641.943,8127.704,0.000,nil,0.000,false,IDLE,DORMANT,IDLE,false,0.000,0.000,false,0.000,0.000,0.000,0.000,0.000,-1.000,0.000,
1789507642.209,8127.969,0.000,nil,0.000,false,IDLE,DORMANT,IDLE,false,0.000,0.000,false,0.000,0.000,0.000,0.000,0.000,-1.000,0.000,
1789507642.476,8128.236,0.000,nil,0.000,false,IDLE,DORMANT,IDLE,false,0.000,0.000,false,0.000,0.000,0.000,0.000,0.000,-1.000,0.000,
1789507642.744,8128.504,0.000,nil,0.000,false,IDLE,DORMANT,IDLE,false,0.000,0.000,false,0.000,0.000,0.000,0.000,0.000,-1.000,0.000,
1789507643.010,8128.770,0.000,nil,0.000,false,IDLE,DORMANT,IDLE,false,0.000,0.000,false,0.000,0.000,0.000,0.000,0.000,-1.000,0.000,
1789507643.276,8129.037,0.000,nil,0.000,false,IDLE,DORMANT,IDLE,false,0.000,0.000,false,0.000,0.000,0.000,0.000,0.000,-1.000,0.000,
1789507643.543,8129.304,0.000,nil,0.000,false,IDLE,DORMANT,IDLE,false,0.000,0.000,false,0.000,0.000,0.000,0.000,0.000,-1.000,0.000,
1789507643.811,8129.571,0.000,nil,0.000,false,IDLE,DORMANT,IDLE,false,0.000,0.000,false,0.000,0.000,0.000,0.000,0.000,-1.000,0.000,
1789507644.076,8129.836,0.000,nil,0.000,false,IDLE,DORMANT,IDLE,false,0.000,0.000,false,0.000,0.000,0.000,0.000,0.000,-1.000,0.000,
1789507644.344,8130.104,0.000,nil,0.000,false,IDLE,DORMANT,IDLE,false,0.000,0.000,false,0.000,0.000,0.000,0.000,0.000,-1.000,0.000,
1789507644.610,8130.371,0.000,nil,0.000,false,IDLE,DORMANT,IDLE,false,0.000,0.000,false,0.000,0.000,0.000,0.000,0.000,-1.000,0.000,
1789507644.877,8130.636,0.000,nil,0.000,false,IDLE,DORMANT,IDLE,false,0.000,0.000,false,0.000,0.000,0.000,0.000,0.000,-1.000,0.000,
1789507645.143,8130.902,0.000,nil,0.000,false,IDLE,DORMANT,IDLE,false,0.000,0.000,false,0.000,0.000,0.000,0.000,0.000,-1.000,0.000,
1789507645.409,8131.169,0.000,nil,0.000,false,IDLE,DORMANT,IDLE,false,0.000,0.000,false,0.000,0.000,0.000,0.000,0.000,-1.000,0.000,
1789507645.676,8131.436,0.000,nil,0.000,false,IDLE,DORMANT,IDLE,false,0.000,0.000,false,0.000,0.000,0.000,0.000,0.000,-1.000,0.000,
1789507645.943,8131.702,0.000,nil,0.000,false,IDLE,DORMANT,IDLE,false,0.000,0.000,false,0.000,0.000,0.000,0.000,0.000,-1.000,0.000,
1789507646.210,8131.970,0.000,nil,0.000,false,IDLE,DORMANT,IDLE,false,0.000,0.000,false,0.000,0.000,0.000,0.000,0.000,-1.000,0.000,
1789507646.477,8132.238,0.000,nil,0.000,false,IDLE,DORMANT,IDLE,false,0.000,0.000,false,0.000,0.000,0.000,0.000,0.000,-1.000,0.000,
1789507646.744,8132.504,0.000,nil,0.000,false,IDLE,DORMANT,IDLE,false,0.000,0.000,false,0.000,0.000,0.000,0.000,0.000,-1.000,0.000,
1789507647.009,8132.769,0.000,nil,0.000,false,IDLE,DORMANT,IDLE,false,0.000,0.000,false,0.000,0.000,0.000,0.000,0.000,-1.000,0.000,
1789507647.277,8133.037,0.000,nil,0.000,false,IDLE,DORMANT,IDLE,false,0.000,0.000,false,0.000,0.000,0.000,0.000,0.000,-1.000,0.000,
1789507647.543,8133.303,0.000,nil,0.000,false,IDLE,DORMANT,IDLE,false,0.000,0.000,false,0.000,0.000,0.000,0.000,0.000,-1.000,0.000,
1789507647.809,8133.569,0.000,nil,0.000,false,IDLE,DORMANT,IDLE,false,0.000,0.000,false,0.000,0.000,0.000,0.000,0.000,-1.000,0.000,
1789507648.076,8133.836,0.000,nil,0.000,false,IDLE,DORMANT,IDLE,false,0.000,0.000,false,0.000,0.000,0.000,0.000,0.000,-1.000,0.000,
1789507648.343,8134.104,0.000,nil,0.000,false,IDLE,DORMANT,IDLE,false,0.000,0.000,false,0.000,0.000,0.000,0.000,0.000,-1.000,0.000,
1789507648.609,8134.369,0.000,nil,0.000,false,IDLE,DORMANT,IDLE,false,0.000,0.000,false,0.000,0.000,0.000,0.000,0.000,-1.000,0.000,
1789507648.877,8134.638,0.000,nil,0.000,false,IDLE,DORMANT,IDLE,false,0.000,0.000,false,0.000,0.000,0.000,0.000,0.000,-1.000,0.000,
1789507649.143,8134.904,0.000,nil,0.000,false,IDLE,DORMANT,IDLE,false,0.000,0.000,false,0.000,0.000,0.000,0.000,0.000,-1.000,0.000,
1789507649.410,8135.170,0.000,nil,0.000,false,IDLE,DORMANT,IDLE,false,0.000,0.000,false,0.000,0.000,0.000,0.000,0.000,-1.000,0.000,
1789507649.676,8135.437,0.000,nil,0.000,false,IDLE,DORMANT,IDLE,false,0.000,0.000,false,0.000,0.000,0.000,0.000,0.000,-1.000,0.000,
1789507649.943,8135.703,0.000,nil,0.000,false,IDLE,DORMANT,IDLE,false,0.000,0.000,false,0.000,0.000,0.000,0.000,0.000,-1.000,0.000,
1789507650.209,8135.969,0.000,nil,0.000,false,IDLE,DORMANT,IDLE,false,0.000,0.000,false,0.000,0.000,0.000,0.000,0.000,-1.000,0.000,
1789507650.476,8136.236,0.000,nil,0.000,false,IDLE,DORMANT,IDLE,false,0.000,0.000,false,0.000,0.000,0.000,0.000,0.000,-1.000,0.000,
1789507650.744,8136.504,0.000,nil,0.000,false,IDLE,DORMANT,IDLE,false,0.000,0.000,false,0.000,0.000,0.000,0.000,0.000,-1.000,0.000,
1789507651.011,8136.772,0.000,nil,0.000,false,IDLE,DORMANT,IDLE,false,0.000,0.000,false,0.000,0.000,0.000,0.000,0.000,-1.000,0.000,
1789507651.275,8137.036,0.000,nil,0.000,false,IDLE,DORMANT,IDLE,false,0.000,0.000,false,0.000,0.000,0.000,0.000,0.000,-1.000,0.000,
1789507651.543,8137.303,0.000,nil,0.000,false,IDLE,DORMANT,IDLE,false,0.000,0.000,false,0.000,0.000,0.000,0.000,0.000,-1.000,0.000,
1789507651.809,8137.570,0.000,nil,0.000,false,IDLE,DORMANT,IDLE,false,0.000,0.000,false,0.000,0.000,0.000,0.000,0.000,-1.000,0.000,
1789507652.076,8137.836,0.000,nil,0.000,false,IDLE,DORMANT,IDLE,false,0.000,0.000,false,0.000,0.000,0.000,0.000,0.000,-1.000,0.000,
1789507652.343,8138.103,0.000,nil,0.000,false,IDLE,DORMANT,IDLE,false,0.000,0.000,false,0.000,0.000,0.000,0.000,0.000,-1.000,0.000,
1789507652.609,8138.370,0.000,nil,0.000,false,IDLE,DORMANT,IDLE,false,0.000,0.000,false,0.000,0.000,0.000,0.000,0.000,-1.000,0.000,
1789507652.876,8138.636,0.000,nil,0.000,false,IDLE,DORMANT,IDLE,false,0.000,0.000,false,0.000,0.000,0.000,0.000,0.000,-1.000,0.000,
1789507653.143,8138.904,0.000,nil,0.000,false,IDLE,DORMANT,IDLE,false,0.000,0.000,false,0.000,0.000,0.000,0.000,0.000,-1.000,0.000,
1789507653.409,8139.170,0.000,nil,0.000,false,IDLE,DORMANT,IDLE,false,0.000,0.000,false,0.000,0.000,0.000,0.000,0.000,-1.000,0.000,
1789507653.676,8139.436,0.000,nil,0.000,false,IDLE,DORMANT,IDLE,false,0.000,0.000,false,0.000,0.000,0.000,0.000,0.000,-1.000,0.000,
1789507653.942,8139.703,0.000,nil,0.000,false,IDLE,DORMANT,IDLE,false,0.000,0.000,false,0.000,0.000,0.000,0.000,0.000,-1.000,0.000,
1789507654.209,8139.969,0.000,nil,0.000,false,IDLE,DORMANT,IDLE,false,0.000,0.000,false,0.000,0.000,0.000,0.000,0.000,-1.000,0.000,
1789507654.476,8140.237,0.000,nil,0.000,false,IDLE,DORMANT,IDLE,false,0.000,0.000,false,0.000,0.000,0.000,0.000,0.000,-1.000,0.000,
1789507654.742,8140.502,0.000,nil,0.000,false,IDLE,DORMANT,IDLE,false,0.000,0.000,false,0.000,0.000,0.000,0.000,0.000,-1.000,0.000,
1789507655.010,8140.770,0.000,nil,0.000,false,IDLE,DORMANT,IDLE,false,0.000,0.000,false,0.000,0.000,0.000,0.000,0.000,-1.000,0.000,
1789507655.276,8141.036,0.000,nil,0.000,false,IDLE,DORMANT,IDLE,false,0.000,0.000,false,0.000,0.000,0.000,0.000,0.000,-1.000,0.000,
1789507655.542,8141.303,0.000,nil,0.000,false,IDLE,DORMANT,IDLE,false,0.000,0.000,false,0.000,0.000,0.000,0.000,0.000,-1.000,0.000,
1789507655.809,8141.569,0.000,nil,0.000,false,IDLE,DORMANT,IDLE,false,0.000,0.000,false,0.000,0.000,0.000,0.000,0.000,-1.000,0.000,
1789507656.075,8141.836,0.000,nil,0.000,false,IDLE,DORMANT,IDLE,false,0.000,0.000,false,0.000,0.000,0.000,0.000,0.000,-1.000,0.000,
1789507656.342,8142.103,0.000,nil,0.000,false,IDLE,DORMANT,IDLE,false,0.000,0.000,false,0.000,0.000,0.000,0.000,0.000,-1.000,0.000,
1789507656.609,8142.370,0.000,nil,0.000,false,IDLE,DORMANT,IDLE,false,0.000,0.000,false,0.000,0.000,0.000,0.000,0.000,-1.000,0.000,
1789507656.876,8142.636,0.000,nil,0.000,false,IDLE,DORMANT,IDLE,false,0.000,0.000,false,0.000,0.000,0.000,0.000,0.000,-1.000,0.000,
1789507657.142,8142.902,0.000,nil,0.000,false,IDLE,DORMANT,IDLE,false,0.000,0.000,false,0.000,0.000,0.000,0.000,0.000,-1.000,0.000,
1789507657.409,8143.169,0.000,nil,0.000,false,IDLE,DORMANT,IDLE,false,0.000,0.000,false,0.000,0.000,0.000,0.000,0.000,-1.000,0.000,
1789507657.676,8143.436,0.000,nil,0.000,false,IDLE,DORMANT,IDLE,false,0.000,0.000,false,0.000,0.000,0.000,0.000,0.000,-1.000,0.000,
1789507657.943,8143.702,0.000,nil,0.000,false,IDLE,DORMANT,IDLE,false,0.000,0.000,false,0.000,0.000,0.000,0.000,0.000,-1.000,0.000,
1789507658.209,8143.970,0.000,nil,0.000,false,IDLE,DORMANT,IDLE,false,0.000,0.000,false,0.000,0.000,0.000,0.000,0.000,-1.000,0.000,
1789507658.475,8144.236,0.000,nil,0.000,false,IDLE,DORMANT,IDLE,false,0.000,0.000,false,0.000,0.000,0.000,0.000,0.000,-1.000,0.000,
1789507658.743,8144.503,0.000,nil,0.000,false,IDLE,DORMANT,IDLE,false,0.000,0.000,false,0.000,0.000,0.000,0.000,0.000,-1.000,0.000,
1789507659.009,8144.768,0.000,nil,0.000,false,IDLE,DORMANT,IDLE,false,0.000,0.000,false,0.000,0.000,0.000,0.000,0.000,-1.000,0.000,
1789507659.275,8145.036,0.000,nil,0.000,false,IDLE,DORMANT,IDLE,false,0.000,0.000,false,0.000,0.000,0.000,0.000,0.000,-1.000,0.000,
1789507659.542,8145.303,0.000,nil,0.000,false,IDLE,DORMANT,IDLE,false,0.000,0.000,false,0.000,0.000,0.000,0.000,0.000,-1.000,0.000,
1789507659.809,8145.570,0.000,nil,0.000,false,IDLE,DORMANT,IDLE,false,0.000,0.000,false,0.000,0.000,0.000,0.000,0.000,-1.000,0.000,
1789507660.076,8145.836,0.000,nil,0.000,false,IDLE,DORMANT,IDLE,false,0.000,0.000,false,0.000,0.000,0.000,0.000,0.000,-1.000,0.000,
1789507660.343,8146.103,0.000,nil,0.000,false,IDLE,DORMANT,IDLE,false,0.000,0.000,false,0.000,0.000,0.000,0.000,0.000,-1.000,0.000,
1789507660.610,8146.370,0.000,nil,0.000,false,IDLE,DORMANT,IDLE,false,0.000,0.000,false,0.000,0.000,0.000,0.000,0.000,-1.000,0.000,
1789507660.875,8146.636,0.000,nil,0.000,false,IDLE,DORMANT,IDLE,false,0.000,0.000,false,0.000,0.000,0.000,0.000,0.000,-1.000,0.000,
1789507661.142,8146.902,0.000,nil,0.000,false,IDLE,DORMANT,IDLE,false,0.000,0.000,false,0.000,0.000,0.000,0.000,0.000,-1.000,0.000,
1789507661.410,8147.171,0.000,nil,0.000,false,IDLE,DORMANT,IDLE,false,0.000,0.000,false,0.000,0.000,0.000,0.000,0.000,-1.000,0.000,
1789507661.676,8147.436,0.000,nil,0.000,false,IDLE,DORMANT,IDLE,false,0.000,0.000,false,0.000,0.000,0.000,0.000,0.000,-1.000,0.000,
1789507661.942,8147.703,0.000,nil,0.000,false,IDLE,DORMANT,IDLE,false,0.000,0.000,false,0.000,0.000,0.000,0.000,0.000,-1.000,0.000,
1789507662.210,8147.970,0.000,nil,0.000,false,IDLE,DORMANT,IDLE,false,0.000,0.000,false,0.000,0.000,0.000,0.000,0.000,-1.000,0.000,
1789507662.476,8148.235,0.000,nil,0.000,false,IDLE,DORMANT,IDLE,false,0.000,0.000,false,0.000,0.000,0.000,0.000,0.000,-1.000,0.000,
1789507662.744,8148.504,0.000,nil,0.000,false,IDLE,DORMANT,IDLE,false,0.000,0.000,false,0.000,0.000,0.000,0.000,0.000,-1.000,0.000,
1789507663.008,8148.769,0.000,nil,0.000,false,IDLE,DORMANT,IDLE,false,0.000,0.000,false,0.000,0.000,0.000,0.000,0.000,-1.000,0.000,
1789507663.277,8149.037,0.000,nil,0.000,false,IDLE,DORMANT,IDLE,false,0.000,0.000,false,0.000,0.000,0.000,0.000,0.000,-1.000,0.000,
1789507663.543,8149.302,0.000,nil,0.000,false,IDLE,DORMANT,IDLE,false,0.000,0.000,false,0.000,0.000,0.000,0.000,0.000,-1.000,0.000,
1789507663.809,8149.569,0.000,nil,0.000,false,IDLE,DORMANT,IDLE,false,0.000,0.000,false,0.000,0.000,0.000,0.000,0.000,-1.000,0.000,
1789507664.076,8149.837,0.000,nil,0.000,false,IDLE,DORMANT,IDLE,false,0.000,0.000,false,0.000,0.000,0.000,0.000,0.000,-1.000,0.000,
1789507664.342,8150.103,0.000,nil,0.000,false,IDLE,DORMANT,IDLE,false,0.000,0.000,false,0.000,0.000,0.000,0.000,0.000,-1.000,0.000,
1789507664.609,8150.369,0.000,nil,0.000,false,IDLE,DORMANT,IDLE,false,0.000,0.000,false,0.000,0.000,0.000,0.000,0.000,-1.000,0.000,
1789507664.875,8150.635,0.000,nil,0.000,false,IDLE,DORMANT,IDLE,false,0.000,0.000,false,0.000,0.000,0.000,0.000,0.000,-1.000,0.000,
1789507665.142,8150.902,0.000,nil,0.000,false,IDLE,DORMANT,IDLE,false,0.000,0.000,false,0.000,0.000,0.000,0.000,0.000,-1.000,0.000,
1789507665.408,8151.168,0.000,nil,0.000,false,IDLE,DORMANT,IDLE,false,0.000,0.000,false,0.000,0.000,0.000,0.000,0.000,-1.000,0.000,
1789507665.676,8151.436,0.000,nil,0.000,false,IDLE,DORMANT,IDLE,false,0.000,0.000,false,0.000,0.000,0.000,0.000,0.000,-1.000,0.000,
1789507665.942,8151.703,0.000,nil,0.000,false,IDLE,DORMANT,IDLE,false,0.000,0.000,false,0.000,0.000,0.000,0.000,0.000,-1.000,0.000,
1789507666.209,8151.969,0.000,nil,0.000,false,IDLE,DORMANT,IDLE,false,0.000,0.000,false,0.000,0.000,0.000,0.000,0.000,-1.000,0.000,
1789507666.476,8152.236,0.000,nil,0.000,false,IDLE,DORMANT,IDLE,false,0.000,0.000,false,0.000,0.000,0.000,0.000,0.000,-1.000,0.000,
1789507666.742,8152.501,0.000,nil,0.000,false,IDLE,DORMANT,IDLE,false,0.000,0.000,false,0.000,0.000,0.000,0.000,0.000,-1.000,0.000,
1789507667.008,8152.768,0.000,nil,0.000,false,IDLE,DORMANT,IDLE,false,0.000,0.000,false,0.000,0.000,0.000,0.000,0.000,-1.000,0.000,
1789507667.276,8153.035,0.000,nil,0.000,false,IDLE,DORMANT,IDLE,false,0.000,0.000,false,0.000,0.000,0.000,0.000,0.000,-1.000,0.000,
1789507667.542,8153.301,0.000,nil,0.000,false,IDLE,DORMANT,IDLE,false,0.000,0.000,false,0.000,0.000,0.000,0.000,0.000,-1.000,0.000,
1789507667.809,8153.568,0.000,nil,0.000,false,IDLE,DORMANT,IDLE,false,0.000,0.000,false,0.000,0.000,0.000,0.000,0.000,-1.000,0.000,
1789507668.076,8153.836,0.000,nil,0.000,false,IDLE,DORMANT,IDLE,false,0.000,0.000,false,0.000,0.000,0.000,0.000,0.000,-1.000,0.000,
1789507668.343,8154.103,0.000,nil,0.000,false,IDLE,DORMANT,IDLE,false,0.000,0.000,false,0.000,0.000,0.000,0.000,0.000,-1.000,0.000,
1789507668.608,8154.369,0.000,nil,0.000,false,IDLE,DORMANT,IDLE,false,0.000,0.000,false,0.000,0.000,0.000,0.000,0.000,-1.000,0.000,
1789507668.875,8154.635,0.000,nil,0.000,false,IDLE,DORMANT,IDLE,false,0.000,0.000,false,0.000,0.000,0.000,0.000,0.000,-1.000,0.000,
1789507669.141,8154.901,0.000,nil,0.000,false,IDLE,DORMANT,IDLE,false,0.000,0.000,false,0.000,0.000,0.000,0.000,0.000,-1.000,0.000,
1789507669.408,8155.168,0.000,nil,0.000,false,IDLE,DORMANT,IDLE,false,0.000,0.000,false,0.000,0.000,0.000,0.000,0.000,-1.000,0.000,
1789507669.676,8155.437,0.000,nil,0.000,false,IDLE,DORMANT,IDLE,false,0.000,0.000,false,0.000,0.000,0.000,0.000,0.000,-1.000,0.000,
1789507669.943,8155.702,0.000,nil,0.000,false,IDLE,DORMANT,IDLE,false,0.000,0.000,false,0.000,0.000,0.000,0.000,0.000,-1.000,0.000,
1789507670.210,8155.970,0.000,nil,0.000,false,IDLE,DORMANT,IDLE,false,0.000,0.000,false,0.000,0.000,0.000,0.000,0.000,-1.000,0.000,
1789507670.476,8156.236,0.000,nil,0.000,false,IDLE,DORMANT,IDLE,false,0.000,0.000,false,0.000,0.000,0.000,0.000,0.000,-1.000,0.000,
1789507670.742,8156.503,0.000,nil,0.000,false,IDLE,DORMANT,IDLE,false,0.000,0.000,false,0.000,0.000,0.000,0.000,0.000,-1.000,0.000,
1789507671.009,8156.769,0.000,nil,0.000,false,IDLE,DORMANT,IDLE,false,0.000,0.000,false,0.000,0.000,0.000,0.000,0.000,-1.000,0.000,
1789507671.275,8157.036,0.000,nil,0.000,false,IDLE,DORMANT,IDLE,false,0.000,0.000,false,0.000,0.000,0.000,0.000,0.000,-1.000,0.000,
1789507671.542,8157.302,0.000,nil,0.000,false,IDLE,DORMANT,IDLE,false,0.000,0.000,false,0.000,0.000,0.000,0.000,0.000,-1.000,0.000,
1789507671.810,8157.570,0.000,nil,0.000,false,IDLE,DORMANT,IDLE,false,0.000,0.000,false,0.000,0.000,0.000,0.000,0.000,-1.000,0.000,
1789507672.076,8157.836,0.000,nil,0.000,false,IDLE,DORMANT,IDLE,false,0.000,0.000,false,0.000,0.000,0.000,0.000,0.000,-1.000,0.000,
1789507672.342,8158.102,0.000,nil,0.000,false,IDLE,DORMANT,IDLE,false,0.000,0.000,false,0.000,0.000,0.000,0.000,0.000,-1.000,0.000,
1789507672.608,8158.368,0.000,nil,0.000,false,IDLE,DORMANT,IDLE,false,0.000,0.000,false,0.000,0.000,0.000,0.000,0.000,-1.000,0.000,
1789507672.876,8158.636,0.000,nil,0.000,false,IDLE,DORMANT,IDLE,false,0.000,0.000,false,0.000,0.000,0.000,0.000,0.000,-1.000,0.000,
1789507673.142,8158.902,0.000,nil,0.000,false,IDLE,DORMANT,IDLE,false,0.000,0.000,false,0.000,0.000,0.000,0.000,0.000,-1.000,0.000,
1789507673.409,8159.169,0.000,nil,0.000,false,IDLE,DORMANT,IDLE,false,0.000,0.000,false,0.000,0.000,0.000,0.000,0.000,-1.000,0.000,
1789507673.676,8159.436,0.000,nil,0.000,false,IDLE,DORMANT,IDLE,false,0.000,0.000,false,0.000,0.000,0.000,0.000,0.000,-1.000,0.000,
1789507673.941,8159.702,0.000,nil,0.000,false,IDLE,DORMANT,IDLE,false,0.000,0.000,false,0.000,0.000,0.000,0.000,0.000,-1.000,0.000,
1789507674.208,8159.969,0.000,nil,0.000,false,IDLE,DORMANT,IDLE,false,0.000,0.000,false,0.000,0.000,0.000,0.000,0.000,-1.000,0.000,
1789507674.475,8160.235,0.000,nil,0.000,false,IDLE,DORMANT,IDLE,false,0.000,0.000,false,0.000,0.000,0.000,0.000,0.000,-1.000,0.000,
1789507674.742,8160.502,0.000,nil,0.000,false,IDLE,DORMANT,IDLE,false,0.000,0.000,false,0.000,0.000,0.000,0.000,0.000,-1.000,0.000,
1789507675.008,8160.768,0.000,nil,0.000,false,IDLE,DORMANT,IDLE,false,0.000,0.000,false,0.000,0.000,0.000,0.000,0.000,-1.000,0.000,
1789507675.275,8161.034,0.000,nil,0.000,false,IDLE,DORMANT,IDLE,false,0.000,0.000,false,0.000,0.000,0.000,0.000,0.000,-1.000,0.000,
1789507675.542,8161.302,0.000,nil,0.000,false,IDLE,DORMANT,IDLE,false,0.000,0.000,false,0.000,0.000,0.000,0.000,0.000,-1.000,0.000,
1789507675.808,8161.569,0.000,nil,0.000,false,IDLE,DORMANT,IDLE,false,0.000,0.000,false,0.000,0.000,0.000,0.000,0.000,-1.000,0.000,
1789507676.074,8161.834,0.000,nil,0.000,false,IDLE,DORMANT,IDLE,false,0.000,0.000,false,0.000,0.000,0.000,0.000,0.000,-1.000,0.000,
1789507676.342,8162.102,0.000,nil,0.000,false,IDLE,DORMANT,IDLE,false,0.000,0.000,false,0.000,0.000,0.000,0.000,0.000,-1.000,0.000,
1789507676.609,8162.369,0.000,nil,0.000,false,IDLE,DORMANT,IDLE,false,0.000,0.000,false,0.000,0.000,0.000,0.000,0.000,-1.000,0.000,
1789507676.875,8162.635,0.000,nil,0.000,false,IDLE,DORMANT,IDLE,false,0.000,0.000,false,0.000,0.000,0.000,0.000,0.000,-1.000,0.000,
1789507677.141,8162.902,0.000,nil,0.000,false,IDLE,DORMANT,IDLE,false,0.000,0.000,false,0.000,0.000,0.000,0.000,0.000,-1.000,0.000,
1789507677.409,8163.169,0.000,nil,0.000,false,IDLE,DORMANT,IDLE,false,0.000,0.000,false,0.000,0.000,0.000,0.000,0.000,-1.000,0.000,
1789507677.675,8163.435,0.000,nil,0.000,false,IDLE,DORMANT,IDLE,false,0.000,0.000,false,0.000,0.000,0.000,0.000,0.000,-1.000,0.000,
1789507677.942,8163.702,0.000,nil,0.000,false,IDLE,DORMANT,IDLE,false,0.000,0.000,false,0.000,0.000,0.000,0.000,0.000,-1.000,0.000,
1789507678.208,8163.968,0.000,nil,0.000,false,IDLE,DORMANT,IDLE,false,0.000,0.000,false,0.000,0.000,0.000,0.000,0.000,-1.000,0.000,
1789507678.475,8164.235,0.000,nil,0.000,false,IDLE,DORMANT,IDLE,false,0.000,0.000,false,0.000,0.000,0.000,0.000,0.000,-1.000,0.000,
1789507678.742,8164.502,0.000,nil,0.000,false,IDLE,DORMANT,IDLE,false,0.000,0.000,false,0.000,0.000,0.000,0.000,0.000,-1.000,0.000,
1789507679.008,8164.767,0.000,nil,0.000,false,IDLE,DORMANT,IDLE,false,0.000,0.000,false,0.000,0.000,0.000,0.000,0.000,-1.000,0.000,
1789507679.274,8165.034,0.000,nil,0.000,false,IDLE,DORMANT,IDLE,false,0.000,0.000,false,0.000,0.000,0.000,0.000,0.000,-1.000,0.000,
1789507679.541,8165.302,0.000,nil,0.000,false,IDLE,DORMANT,IDLE,false,0.000,0.000,false,0.000,0.000,0.000,0.000,0.000,-1.000,0.000,
1789507679.809,8165.568,0.000,nil,0.000,false,IDLE,DORMANT,IDLE,false,0.000,0.000,false,0.000,0.000,0.000,0.000,0.000,-1.000,0.000,
1789507680.074,8165.834,0.000,nil,0.000,false,IDLE,DORMANT,IDLE,false,0.000,0.000,false,0.000,0.000,0.000,0.000,0.000,-1.000,0.000,
1789507680.341,8166.101,0.000,nil,0.000,false,IDLE,DORMANT,IDLE,false,0.000,0.000,false,0.000,0.000,0.000,0.000,0.000,-1.000,0.000,
1789507680.610,8166.370,0.000,nil,0.000,false,IDLE,DORMANT,IDLE,false,0.000,0.000,false,0.000,0.000,0.000,0.000,0.000,-1.000,0.000,
1789507680.875,8166.635,0.000,nil,0.000,false,IDLE,DORMANT,IDLE,false,0.000,0.000,false,0.000,0.000,0.000,0.000,0.000,-1.000,0.000,
1789507681.142,8166.902,0.000,nil,0.000,false,IDLE,DORMANT,IDLE,false,0.000,0.000,false,0.000,0.000,0.000,0.000,0.000,-1.000,0.000,
1789507681.408,8167.169,0.000,nil,0.000,false,IDLE,DORMANT,IDLE,false,0.000,0.000,false,0.000,0.000,0.000,0.000,0.000,-1.000,0.000,
1789507681.675,8167.435,0.000,nil,0.000,false,IDLE,DORMANT,IDLE,false,0.000,0.000,false,0.000,0.000,0.000,0.000,0.000,-1.000,0.000,
1789507681.942,8167.701,0.000,nil,0.000,false,IDLE,DORMANT,IDLE,false,0.000,0.000,false,0.000,0.000,0.000,0.000,0.000,-1.000,0.000,
1789507682.209,8167.970,0.000,nil,0.000,false,IDLE,DORMANT,IDLE,false,0.000,0.000,false,0.000,0.000,0.000,0.000,0.000,-1.000,0.000,
1789507682.474,8168.235,0.000,nil,0.000,false,IDLE,DORMANT,IDLE,false,0.000,0.000,false,0.000,0.000,0.000,0.000,0.000,-1.000,0.000,
1789507682.741,8168.502,0.000,nil,0.000,false,IDLE,DORMANT,IDLE,false,0.000,0.000,false,0.000,0.000,0.000,0.000,0.000,-1.000,0.000,
1789507683.009,8168.769,0.000,nil,0.000,false,IDLE,DORMANT,IDLE,false,0.000,0.000,false,0.000,0.000,0.000,0.000,0.000,-1.000,0.000,
1789507683.275,8169.035,0.000,nil,0.000,false,IDLE,DORMANT,IDLE,false,0.000,0.000,false,0.000,0.000,0.000,0.000,0.000,-1.000,0.000,
1789507683.541,8169.302,0.000,nil,0.000,false,IDLE,DORMANT,IDLE,false,0.000,0.000,false,0.000,0.000,0.000,0.000,0.000,-1.000,0.000,
1789507683.807,8169.567,0.000,nil,0.000,false,IDLE,DORMANT,IDLE,false,0.000,0.000,false,0.000,0.000,0.000,0.000,0.000,-1.000,0.000,
1789507684.075,8169.836,0.000,nil,0.000,false,IDLE,DORMANT,IDLE,false,0.000,0.000,false,0.000,0.000,0.000,0.000,0.000,-1.000,0.000,
1789507684.342,8170.102,0.000,nil,0.000,false,IDLE,DORMANT,IDLE,false,0.000,0.000,false,0.000,0.000,0.000,0.000,0.000,-1.000,0.000,
1789507684.608,8170.368,0.000,nil,0.000,false,IDLE,DORMANT,IDLE,false,0.000,0.000,false,0.000,0.000,0.000,0.000,0.000,-1.000,0.000,
1789507684.875,8170.635,0.000,nil,0.000,false,IDLE,DORMANT,IDLE,false,0.000,0.000,false,0.000,0.000,0.000,0.000,0.000,-1.000,0.000,
1789507685.141,8170.902,0.000,nil,0.000,false,IDLE,DORMANT,IDLE,false,0.000,0.000,false,0.000,0.000,0.000,0.000,0.000,-1.000,0.000,
1789507685.408,8171.169,0.000,nil,0.000,false,IDLE,DORMANT,IDLE,false,0.000,0.000,false,0.000,0.000,0.000,0.000,0.000,-1.000,0.000,
1789507685.674,8171.435,0.000,nil,0.000,false,IDLE,DORMANT,IDLE,false,0.000,0.000,false,0.000,0.000,0.000,0.000,0.000,-1.000,0.000,
1789507685.941,8171.701,0.000,nil,0.000,false,IDLE,DORMANT,IDLE,false,0.000,0.000,false,0.000,0.000,0.000,0.000,0.000,-1.000,0.000,
1789507686.208,8171.968,0.000,nil,0.000,false,IDLE,DORMANT,IDLE,false,0.000,0.000,false,0.000,0.000,0.000,0.000,0.000,-1.000,0.000,
1789507686.474,8172.235,0.000,nil,0.000,false,IDLE,DORMANT,IDLE,false,0.000,0.000,false,0.000,0.000,0.000,0.000,0.000,-1.000,0.000,
1789507686.741,8172.502,0.000,nil,0.000,false,IDLE,DORMANT,IDLE,false,0.000,0.000,false,0.000,0.000,0.000,0.000,0.000,-1.000,0.000,
1789507687.008,8172.769,0.000,nil,0.000,false,IDLE,DORMANT,IDLE,false,0.000,0.000,false,0.000,0.000,0.000,0.000,0.000,-1.000,0.000,
1789507687.275,8173.035,0.000,nil,0.000,false,IDLE,DORMANT,IDLE,false,0.000,0.000,false,0.000,0.000,0.000,0.000,0.000,-1.000,0.000,
1789507687.541,8173.302,0.000,nil,0.000,false,IDLE,DORMANT,IDLE,false,0.000,0.000,false,0.000,0.000,0.000,0.000,0.000,-1.000,0.000,
1789507687.808,8173.569,0.000,nil,0.000,false,IDLE,DORMANT,IDLE,false,0.000,0.000,false,0.000,0.000,0.000,0.000,0.000,-1.000,0.000,
1789507688.074,8173.835,0.000,nil,0.000,false,IDLE,DORMANT,IDLE,false,0.000,0.000,false,0.000,0.000,0.000,0.000,0.000,-1.000,0.000,
1789507688.342,8174.102,0.000,nil,0.000,false,IDLE,DORMANT,IDLE,false,0.000,0.000,false,0.000,0.000,0.000,0.000,0.000,-1.000,0.000,
1789507688.608,8174.369,0.000,nil,0.000,false,IDLE,DORMANT,IDLE,false,0.000,0.000,false,0.000,0.000,0.000,0.000,0.000,-1.000,0.000,
1789507688.875,8174.635,0.000,nil,0.000,false,IDLE,DORMANT,IDLE,false,0.000,0.000,false,0.000,0.000,0.000,0.000,0.000,-1.000,0.000,
1789507689.141,8174.901,0.000,nil,0.000,false,IDLE,DORMANT,IDLE,false,0.000,0.000,false,0.000,0.000,0.000,0.000,0.000,-1.000,0.000,
1789507689.407,8175.166,0.000,nil,0.000,false,IDLE,DORMANT,IDLE,false,0.000,0.000,false,0.000,0.000,0.000,0.000,0.000,-1.000,0.000,
1789507689.675,8175.436,0.000,nil,0.000,false,IDLE,DORMANT,IDLE,false,0.000,0.000,false,0.000,0.000,0.000,0.000,0.000,-1.000,0.000,
1789507689.940,8175.701,0.000,nil,0.000,false,IDLE,DORMANT,IDLE,false,0.000,0.000,false,0.000,0.000,0.000,0.000,0.000,-1.000,0.000,
1789507690.208,8175.969,0.000,nil,0.000,false,IDLE,DORMANT,IDLE,false,0.000,0.000,false,0.000,0.000,0.000,0.000,0.000,-1.000,0.000,
1789507690.475,8176.235,0.000,nil,0.000,false,IDLE,DORMANT,IDLE,false,0.000,0.000,false,0.000,0.000,0.000,0.000,0.000,-1.000,0.000,
1789507690.740,8176.500,0.000,nil,0.000,false,IDLE,DORMANT,IDLE,false,0.000,0.000,false,0.000,0.000,0.000,0.000,0.000,-1.000,0.000,
1789507691.008,8176.769,0.000,nil,0.000,false,IDLE,DORMANT,IDLE,false,0.000,0.000,false,0.000,0.000,0.000,0.000,0.000,-1.000,0.000,
1789507691.274,8177.034,0.000,nil,0.000,false,IDLE,DORMANT,IDLE,false,0.000,0.000,false,0.000,0.000,0.000,0.000,0.000,-1.000,0.000,
1789507691.541,8177.302,0.000,nil,0.000,false,IDLE,DORMANT,IDLE,false,0.000,0.000,false,0.000,0.000,0.000,0.000,0.000,-1.000,0.000,
1789507691.808,8177.567,0.000,nil,0.000,false,IDLE,DORMANT,IDLE,false,0.000,0.000,false,0.000,0.000,0.000,0.000,0.000,-1.000,0.000,
1789507692.075,8177.836,0.000,nil,0.000,false,IDLE,DORMANT,IDLE,false,0.000,0.000,false,0.000,0.000,0.000,0.000,0.000,-1.000,0.000,
1789507692.341,8178.102,0.000,nil,0.000,false,IDLE,DORMANT,IDLE,false,0.000,0.000,false,0.000,0.000,0.000,0.000,0.000,-1.000,0.000,
1789507692.608,8178.368,0.000,nil,0.000,false,IDLE,DORMANT,IDLE,false,0.000,0.000,false,0.000,0.000,0.000,0.000,0.000,-1.000,0.000,
1789507692.875,8178.635,0.000,nil,0.000,false,IDLE,DORMANT,IDLE,false,0.000,0.000,false,0.000,0.000,0.000,0.000,0.000,-1.000,0.000,
1789507693.141,8178.902,0.000,nil,0.000,false,IDLE,DORMANT,IDLE,false,0.000,0.000,false,0.000,0.000,0.000,0.000,0.000,-1.000,0.000,
1789507693.408,8179.168,0.000,nil,0.000,false,IDLE,DORMANT,IDLE,false,0.000,0.000,false,0.000,0.000,0.000,0.000,0.000,-1.000,0.000,
1789507693.674,8179.435,0.000,nil,0.000,false,IDLE,DORMANT,IDLE,false,0.000,0.000,false,0.000,0.000,0.000,0.000,0.000,-1.000,0.000,
1789507693.942,8179.702,0.000,nil,0.000,false,IDLE,DORMANT,IDLE,false,0.000,0.000,false,0.000,0.000,0.000,0.000,0.000,-1.000,0.000,
1789507694.208,8179.969,0.000,nil,0.000,false,IDLE,DORMANT,IDLE,false,0.000,0.000,false,0.000,0.000,0.000,0.000,0.000,-1.000,0.000,
1789507694.475,8180.235,0.000,nil,0.000,false,IDLE,DORMANT,IDLE,false,0.000,0.000,false,0.000,0.000,0.000,0.000,0.000,-1.000,0.000,
1789507694.741,8180.501,0.000,nil,0.000,false,IDLE,DORMANT,IDLE,false,0.000,0.000,false,0.000,0.000,0.000,0.000,0.000,-1.000,0.000,
1789507695.007,8180.767,0.000,nil,0.000,false,IDLE,DORMANT,IDLE,false,0.000,0.000,false,0.000,0.000,0.000,0.000,0.000,-1.000,0.000,
1789507695.274,8181.034,0.000,nil,0.000,false,IDLE,DORMANT,IDLE,false,0.000,0.000,false,0.000,0.000,0.000,0.000,0.000,-1.000,0.000,
1789507695.541,8181.301,0.000,nil,0.000,false,IDLE,DORMANT,IDLE,false,0.000,0.000,false,0.000,0.000,0.000,0.000,0.000,-1.000,0.000,
1789507695.808,8181.568,0.000,nil,0.000,false,IDLE,DORMANT,IDLE,false,0.000,0.000,false,0.000,0.000,0.000,0.000,0.000,-1.000,0.000,
1789507696.074,8181.834,0.000,nil,0.000,false,IDLE,DORMANT,IDLE,false,0.000,0.000,false,0.000,0.000,0.000,0.000,0.000,-1.000,0.000,
1789507696.341,8182.100,0.000,nil,0.000,false,IDLE,DORMANT,IDLE,false,0.000,0.000,false,0.000,0.000,0.000,0.000,0.000,-1.000,0.000,
1789507696.608,8182.368,0.000,nil,0.000,false,IDLE,DORMANT,IDLE,false,0.000,0.000,false,0.000,0.000,0.000,0.000,0.000,-1.000,0.000,
1789507696.874,8182.634,0.000,nil,0.000,false,IDLE,DORMANT,IDLE,false,0.000,0.000,false,0.000,0.000,0.000,0.000,0.000,-1.000,0.000,
1789507697.141,8182.901,0.000,nil,0.000,false,IDLE,DORMANT,IDLE,false,0.000,0.000,false,0.000,0.000,0.000,0.000,0.000,-1.000,0.000,
1789507697.408,8183.169,0.000,nil,0.000,false,IDLE,DORMANT,IDLE,false,0.000,0.000,false,0.000,0.000,0.000,0.000,0.000,-1.000,0.000,
1789507697.676,8183.436,0.000,nil,0.000,false,IDLE,DORMANT,IDLE,false,0.000,0.000,false,0.000,0.000,0.000,0.000,0.000,-1.000,0.000,
1789507697.941,8183.702,0.000,nil,0.000,false,IDLE,DORMANT,IDLE,false,0.000,0.000,false,0.000,0.000,0.000,0.000,0.000,-1.000,0.000,
1789507698.207,8183.968,0.000,nil,0.000,false,IDLE,DORMANT,IDLE,false,0.000,0.000,false,0.000,0.000,0.000,0.000,0.000,-1.000,0.000,
1789507698.474,8184.234,0.000,nil,0.000,false,IDLE,DORMANT,IDLE,false,0.000,0.000,false,0.000,0.000,0.000,0.000,0.000,-1.000,0.000,
1789507698.740,8184.501,0.000,nil,0.000,false,IDLE,DORMANT,IDLE,false,0.000,0.000,false,0.000,0.000,0.000,0.000,0.000,-1.000,0.000,
1789507699.007,8184.767,0.000,nil,0.000,false,IDLE,DORMANT,IDLE,false,0.000,0.000,false,0.000,0.000,0.000,0.000,0.000,-1.000,0.000,
1789507699.275,8185.035,0.000,nil,0.000,false,IDLE,DORMANT,IDLE,false,0.000,0.000,false,0.000,0.000,0.000,0.000,0.000,-1.000,0.000,
1789507699.542,8185.302,0.000,nil,0.000,false,IDLE,DORMANT,IDLE,false,0.000,0.000,false,0.000,0.000,0.000,0.000,0.000,-1.000,0.000,
1789507699.807,8185.567,0.000,nil,0.000,false,IDLE,DORMANT,IDLE,false,0.000,0.000,false,0.000,0.000,0.000,0.000,0.000,-1.000,0.000,
1789507700.074,8185.835,0.000,nil,0.000,false,IDLE,DORMANT,IDLE,false,0.000,0.000,false,0.000,0.000,0.000,0.000,0.000,-1.000,0.000,
1789507700.340,8186.101,0.000,nil,0.000,false,IDLE,DORMANT,IDLE,false,0.000,0.000,false,0.000,0.000,0.000,0.000,0.000,-1.000,0.000,
1789507700.608,8186.369,0.000,nil,0.000,false,IDLE,DORMANT,IDLE,false,0.000,0.000,false,0.000,0.000,0.000,0.000,0.000,-1.000,0.000,
1789507700.875,8186.635,0.000,nil,0.000,false,IDLE,DORMANT,IDLE,false,0.000,0.000,false,0.000,0.000,0.000,0.000,0.000,-1.000,0.000,
1789507701.141,8186.902,0.000,nil,0.000,false,IDLE,DORMANT,IDLE,false,0.000,0.000,false,0.000,0.000,0.000,0.000,0.000,-1.000,0.000,
1789507701.408,8187.168,0.000,nil,0.000,false,IDLE,DORMANT,IDLE,false,0.000,0.000,false,0.000,0.000,0.000,0.000,0.000,-1.000,0.000,
1789507701.675,8187.435,0.000,nil,0.000,false,IDLE,DORMANT,IDLE,false,0.000,0.000,false,0.000,0.000,0.000,0.000,0.000,-1.000,0.000,
1789507701.940,8187.700,0.000,nil,0.000,false,IDLE,DORMANT,IDLE,false,0.000,0.000,false,0.000,0.000,0.000,0.000,0.000,-1.000,0.000,
1789507702.207,8187.967,0.000,nil,0.000,false,IDLE,DORMANT,IDLE,false,0.000,0.000,false,0.000,0.000,0.000,0.000,0.000,-1.000,0.000,
1789507702.474,8188.235,0.000,nil,0.000,false,IDLE,DORMANT,IDLE,false,0.000,0.000,false,0.000,0.000,0.000,0.000,0.000,-1.000,0.000,
1789507702.740,8188.500,0.000,nil,0.000,false,IDLE,DORMANT,IDLE,false,0.000,0.000,false,0.000,0.000,0.000,0.000,0.000,-1.000,0.000,
1789507703.007,8188.768,0.000,nil,0.000,false,IDLE,DORMANT,IDLE,false,0.000,0.000,false,0.000,0.000,0.000,0.000,0.000,-1.000,0.000,
1789507703.273,8189.033,0.000,nil,0.000,false,IDLE,DORMANT,IDLE,false,0.000,0.000,false,0.000,0.000,0.000,0.000,0.000,-1.000,0.000,
1789507703.541,8189.301,0.000,nil,0.000,false,IDLE,DORMANT,IDLE,false,0.000,0.000,false,0.000,0.000,0.000,0.000,0.000,-1.000,0.000,
1789507703.807,8189.566,0.000,nil,0.000,false,IDLE,DORMANT,IDLE,false,0.000,0.000,false,0.000,0.000,0.000,0.000,0.000,-1.000,0.000,
1789507704.075,8189.834,0.000,nil,0.000,false,IDLE,DORMANT,IDLE,false,0.000,0.000,false,0.000,0.000,0.000,0.000,0.000,-1.000,0.000,
1789507704.340,8190.101,0.000,nil,0.000,false,IDLE,DORMANT,IDLE,false,0.000,0.000,false,0.000,0.000,0.000,0.000,0.000,-1.000,0.000,
1789507704.608,8190.368,0.000,nil,0.000,false,IDLE,DORMANT,IDLE,false,0.000,0.000,false,0.000,0.000,0.000,0.000,0.000,-1.000,0.000,
1789507704.874,8190.634,0.000,nil,0.000,false,IDLE,DORMANT,IDLE,false,0.000,0.000,false,0.000,0.000,0.000,0.000,0.000,-1.000,0.000,
1789507705.140,8190.901,0.000,nil,0.000,false,IDLE,DORMANT,IDLE,false,0.000,0.000,false,0.000,0.000,0.000,0.000,0.000,-1.000,0.000,
1789507705.407,8191.167,0.000,nil,0.000,false,IDLE,DORMANT,IDLE,false,0.000,0.000,false,0.000,0.000,0.000,0.000,0.000,-1.000,0.000,
1789507705.674,8191.433,0.000,nil,0.000,false,IDLE,DORMANT,IDLE,false,0.000,0.000,false,0.000,0.000,0.000,0.000,0.000,-1.000,0.000,
1789507705.941,8191.701,0.000,nil,0.000,false,IDLE,DORMANT,IDLE,false,0.000,0.000,false,0.000,0.000,0.000,0.000,0.000,-1.000,0.000,
1789507706.207,8191.967,0.000,nil,0.000,false,IDLE,DORMANT,IDLE,false,0.000,0.000,false,0.000,0.000,0.000,0.000,0.000,-1.000,0.000,
1789507706.473,8192.234,0.000,nil,0.000,false,IDLE,DORMANT,IDLE,false,0.000,0.000,false,0.000,0.000,0.000,0.000,0.000,-1.000,0.000,
1789507706.741,8192.502,0.000,nil,0.000,false,IDLE,DORMANT,IDLE,false,0.000,0.000,false,0.000,0.000,0.000,0.000,0.000,-1.000,0.000,
1789507707.008,8192.768,0.000,nil,0.000,false,IDLE,DORMANT,IDLE,false,0.000,0.000,false,0.000,0.000,0.000,0.000,0.000,-1.000,0.000,
1789507707.273,8193.034,0.000,nil,0.000,false,IDLE,DORMANT,IDLE,false,0.000,0.000,false,0.000,0.000,0.000,0.000,0.000,-1.000,0.000,
1789507707.540,8193.300,0.000,nil,0.000,false,IDLE,DORMANT,IDLE,false,0.000,0.000,false,0.000,0.000,0.000,0.000,0.000,-1.000,0.000,
1789507707.807,8193.567,0.000,nil,0.000,false,IDLE,DORMANT,IDLE,false,0.000,0.000,false,0.000,0.000,0.000,0.000,0.000,-1.000,0.000,
1789507708.074,8193.834,0.000,nil,0.000,false,IDLE,DORMANT,IDLE,false,0.000,0.000,false,0.000,0.000,0.000,0.000,0.000,-1.000,0.000,
1789507708.341,8194.101,0.000,nil,0.000,false,IDLE,DORMANT,IDLE,false,0.000,0.000,false,0.000,0.000,0.000,0.000,0.000,-1.000,0.000,
1789507708.608,8194.368,0.000,nil,0.000,false,IDLE,DORMANT,IDLE,false,0.000,0.000,false,0.000,0.000,0.000,0.000,0.000,-1.000,0.000,
1789507708.874,8194.635,0.000,nil,0.000,false,IDLE,DORMANT,IDLE,false,0.000,0.000,false,0.000,0.000,0.000,0.000,0.000,-1.000,0.000,
1789507709.140,8194.900,0.000,nil,0.000,false,IDLE,DORMANT,IDLE,false,0.000,0.000,false,0.000,0.000,0.000,0.000,0.000,-1.000,0.000,
1789507709.407,8195.167,0.000,nil,0.000,false,IDLE,DORMANT,IDLE,false,0.000,0.000,false,0.000,0.000,0.000,0.000,0.000,-1.000,0.000,
1789507709.674,8195.433,0.000,nil,0.000,false,IDLE,DORMANT,IDLE,false,0.000,0.000,false,0.000,0.000,0.000,0.000,0.000,-1.000,0.000,
1789507709.940,8195.701,0.000,nil,0.000,false,IDLE,DORMANT,IDLE,false,0.000,0.000,false,0.000,0.000,0.000,0.000,0.000,-1.000,0.000,
1789507710.207,8195.967,0.000,nil,0.000,false,IDLE,DORMANT,IDLE,false,0.000,0.000,false,0.000,0.000,0.000,0.000,0.000,-1.000,0.000,
1789507710.473,8196.233,0.000,nil,0.000,false,IDLE,DORMANT,IDLE,false,0.000,0.000,false,0.000,0.000,0.000,0.000,0.000,-1.000,0.000,
1789507710.740,8196.501,0.000,nil,0.000,false,IDLE,DORMANT,IDLE,false,0.000,0.000,false,0.000,0.000,0.000,0.000,0.000,-1.000,0.000,
1789507711.008,8196.768,0.000,nil,0.000,false,IDLE,DORMANT,IDLE,false,0.000,0.000,false,0.000,0.000,0.000,0.000,0.000,-1.000,0.000,
1789507711.273,8197.033,0.000,nil,0.000,false,IDLE,DORMANT,IDLE,false,0.000,0.000,false,0.000,0.000,0.000,0.000,0.000,-1.000,0.000,
1789507711.540,8197.300,0.000,nil,0.000,false,IDLE,DORMANT,IDLE,false,0.000,0.000,false,0.000,0.000,0.000,0.000,0.000,-1.000,0.000,
1789507711.807,8197.566,0.000,nil,0.000,false,IDLE,DORMANT,IDLE,false,0.000,0.000,false,0.000,0.000,0.000,0.000,0.000,-1.000,0.000,
1789507712.074,8197.835,0.000,nil,0.000,false,IDLE,DORMANT,IDLE,false,0.000,0.000,false,0.000,0.000,0.000,0.000,0.000,-1.000,0.000,
1789507712.340,8198.100,0.000,nil,0.000,false,IDLE,DORMANT,IDLE,false,0.000,0.000,false,0.000,0.000,0.000,0.000,0.000,-1.000,0.000,
1789507712.607,8198.367,0.000,nil,0.000,false,IDLE,DORMANT,IDLE,false,0.000,0.000,false,0.000,0.000,0.000,0.000,0.000,-1.000,0.000,
1789507712.874,8198.634,0.000,nil,0.000,false,IDLE,DORMANT,IDLE,false,0.000,0.000,false,0.000,0.000,0.000,0.000,0.000,-1.000,0.000,
1789507713.140,8198.900,0.000,nil,0.000,false,IDLE,DORMANT,IDLE,false,0.000,0.000,false,0.000,0.000,0.000,0.000,0.000,-1.000,0.000,
1789507713.406,8199.166,0.000,nil,0.000,false,IDLE,DORMANT,IDLE,false,0.000,0.000,false,0.000,0.000,0.000,0.000,0.000,-1.000,0.000,
1789507713.673,8199.434,0.000,nil,0.000,false,IDLE,DORMANT,IDLE,false,0.000,0.000,false,0.000,0.000,0.000,0.000,0.000,-1.000,0.000,
1789507713.941,8199.702,0.000,nil,0.000,false,IDLE,DORMANT,IDLE,false,0.000,0.000,false,0.000,0.000,0.000,0.000,0.000,-1.000,0.000,
1789507714.207,8199.967,0.000,nil,0.000,false,IDLE,DORMANT,IDLE,false,0.000,0.000,false,0.000,0.000,0.000,0.000,0.000,-1.000,0.000,
1789507714.473,8200.234,0.000,nil,0.000,false,IDLE,DORMANT,IDLE,false,0.000,0.000,false,0.000,0.000,0.000,0.000,0.000,-1.000,0.000,
1789507714.741,8200.501,0.000,nil,0.000,false,IDLE,DORMANT,IDLE,false,0.000,0.000,false,0.000,0.000,0.000,0.000,0.000,-1.000,0.000,
1789507715.007,8200.768,0.000,nil,0.000,false,IDLE,DORMANT,IDLE,false,0.000,0.000,false,0.000,0.000,0.000,0.000,0.000,-1.000,0.000,
1789507715.274,8201.034,0.000,nil,0.000,false,IDLE,DORMANT,IDLE,false,0.000,0.000,false,0.000,0.000,0.000,0.000,0.000,-1.000,0.000,
1789507715.539,8201.300,0.000,nil,0.000,false,IDLE,DORMANT,IDLE,false,0.000,0.000,false,0.000,0.000,0.000,0.000,0.000,-1.000,0.000,
1789507715.806,8201.566,0.000,nil,0.000,false,IDLE,DORMANT,IDLE,false,0.000,0.000,false,0.000,0.000,0.000,0.000,0.000,-1.000,0.000,
1789507716.074,8201.834,0.000,nil,0.000,false,IDLE,DORMANT,IDLE,false,0.000,0.000,false,0.000,0.000,0.000,0.000,0.000,-1.000,0.000,
1789507716.340,8202.100,0.000,nil,0.000,false,IDLE,DORMANT,IDLE,false,0.000,0.000,false,0.000,0.000,0.000,0.000,0.000,-1.000,0.000,
1789507716.606,8202.366,0.000,nil,0.000,false,IDLE,DORMANT,IDLE,false,0.000,0.000,false,0.000,0.000,0.000,0.000,0.000,-1.000,0.000,
1789507716.874,8202.633,0.000,nil,0.000,false,IDLE,DORMANT,IDLE,false,0.000,0.000,false,0.000,0.000,0.000,0.000,0.000,-1.000,0.000,
1789507717.140,8202.900,0.000,nil,0.000,false,IDLE,DORMANT,IDLE,false,0.000,0.000,false,0.000,0.000,0.000,0.000,0.000,-1.000,0.000,
1789507717.407,8203.167,0.000,nil,0.000,false,IDLE,DORMANT,IDLE,false,0.000,0.000,false,0.000,0.000,0.000,0.000,0.000,-1.000,0.000,
1789507717.673,8203.432,0.000,nil,0.000,false,IDLE,DORMANT,IDLE,false,0.000,0.000,false,0.000,0.000,0.000,0.000,0.000,-1.000,0.000,
1789507717.940,8203.699,0.000,nil,0.000,false,IDLE,DORMANT,IDLE,false,0.000,0.000,false,0.000,0.000,0.000,0.000,0.000,-1.000,0.000,
1789507718.207,8203.968,0.000,nil,0.000,false,IDLE,DORMANT,IDLE,false,0.000,0.000,false,0.000,0.000,0.000,0.000,0.000,-1.000,0.000,
1789507718.473,8204.233,0.000,nil,0.000,false,IDLE,DORMANT,IDLE,false,0.000,0.000,false,0.000,0.000,0.000,0.000,0.000,-1.000,0.000,
1789507718.740,8204.500,0.000,nil,0.000,false,IDLE,DORMANT,IDLE,false,0.000,0.000,false,0.000,0.000,0.000,0.000,0.000,-1.000,0.000,
1789507719.006,8204.766,0.000,nil,0.000,false,IDLE,DORMANT,IDLE,false,0.000,0.000,false,0.000,0.000,0.000,0.000,0.000,-1.000,0.000,
1789507719.274,8205.035,0.000,nil,0.000,false,IDLE,DORMANT,IDLE,false,0.000,0.000,false,0.000,0.000,0.000,0.000,0.000,-1.000,0.000,
1789507719.540,8205.300,0.000,nil,0.000,false,IDLE,DORMANT,IDLE,false,0.000,0.000,false,0.000,0.000,0.000,0.000,0.000,-1.000,0.000,
1789507719.806,8205.566,0.000,nil,0.000,false,IDLE,DORMANT,IDLE,false,0.000,0.000,false,0.000,0.000,0.000,0.000,0.000,-1.000,0.000,
1789507720.073,8205.832,0.000,nil,0.000,false,IDLE,DORMANT,IDLE,false,0.000,0.000,false,0.000,0.000,0.000,0.000,0.000,-1.000,0.000,
1789507720.341,8206.102,0.000,nil,0.000,false,IDLE,DORMANT,IDLE,false,0.000,0.000,false,0.000,0.000,0.000,0.000,0.000,-1.000,0.000,
1789507720.606,8206.366,0.000,nil,0.000,false,IDLE,DORMANT,IDLE,false,0.000,0.000,false,0.000,0.000,0.000,0.000,0.000,-1.000,0.000,
1789507720.874,8206.634,0.000,nil,0.000,false,IDLE,DORMANT,IDLE,false,0.000,0.000,false,0.000,0.000,0.000,0.000,0.000,-1.000,0.000,
1789507721.141,8206.900,0.000,nil,0.000,false,IDLE,DORMANT,IDLE,false,0.000,0.000,false,0.000,0.000,0.000,0.000,0.000,-1.000,0.000,
1789507721.406,8207.166,0.000,nil,0.000,false,IDLE,DORMANT,IDLE,false,0.000,0.000,false,0.000,0.000,0.000,0.000,0.000,-1.000,0.000,
1789507721.673,8207.433,0.000,nil,0.000,false,IDLE,DORMANT,IDLE,false,0.000,0.000,false,0.000,0.000,0.000,0.000,0.000,-1.000,0.000,
1789507721.940,8207.701,0.000,nil,0.000,false,IDLE,DORMANT,IDLE,false,0.000,0.000,false,0.000,0.000,0.000,0.000,0.000,-1.000,0.000,
1789507722.206,8207.966,0.000,nil,0.000,false,IDLE,DORMANT,IDLE,false,0.000,0.000,false,0.000,0.000,0.000,0.000,0.000,-1.000,0.000,
1789507722.473,8208.233,0.000,nil,0.000,false,IDLE,DORMANT,IDLE,false,0.000,0.000,false,0.000,0.000,0.000,0.000,0.000,-1.000,0.000,
1789507722.740,8208.501,0.000,nil,0.000,false,IDLE,DORMANT,IDLE,false,0.000,0.000,false,0.000,0.000,0.000,0.000,0.000,-1.000,0.000,
1789507723.007,8208.766,0.000,nil,0.000,false,IDLE,DORMANT,IDLE,false,0.000,0.000,false,0.000,0.000,0.000,0.000,0.000,-1.000,0.000,
1789507723.273,8209.033,0.000,nil,0.000,false,IDLE,DORMANT,IDLE,false,0.000,0.000,false,0.000,0.000,0.000,0.000,0.000,-1.000,0.000,
1789507723.540,8209.300,0.000,nil,0.000,false,IDLE,DORMANT,IDLE,false,0.000,0.000,false,0.000,0.000,0.000,0.000,0.000,-1.000,0.000,
1789507723.806,8209.566,0.000,nil,0.000,false,IDLE,DORMANT,IDLE,false,0.000,0.000,false,0.000,0.000,0.000,0.000,0.000,-1.000,0.000,
1789507724.074,8209.834,0.000,nil,0.000,false,IDLE,DORMANT,IDLE,false,0.000,0.000,false,0.000,0.000,0.000,0.000,0.000,-1.000,0.000,
1789507724.339,8210.100,0.000,nil,0.000,false,IDLE,DORMANT,IDLE,false,0.000,0.000,false,0.000,0.000,0.000,0.000,0.000,-1.000,0.000,
1789507724.606,8210.366,0.000,nil,0.000,false,IDLE,DORMANT,IDLE,false,0.000,0.000,false,0.000,0.000,0.000,0.000,0.000,-1.000,0.000,
1789507724.874,8210.634,0.000,nil,0.000,false,IDLE,DORMANT,IDLE,false,0.000,0.000,false,0.000,0.000,0.000,0.000,0.000,-1.000,0.000,
1789507725.139,8210.900,0.000,nil,0.000,false,IDLE,DORMANT,IDLE,false,0.000,0.000,false,0.000,0.000,0.000,0.000,0.000,-1.000,0.000,
1789507725.406,8211.167,0.000,nil,0.000,false,IDLE,DORMANT,IDLE,false,0.000,0.000,false,0.000,0.000,0.000,0.000,0.000,-1.000,0.000,
1789507725.672,8211.432,0.000,nil,0.000,false,IDLE,DORMANT,IDLE,false,0.000,0.000,false,0.000,0.000,0.000,0.000,0.000,-1.000,0.000,
1789507725.940,8211.700,0.000,nil,0.000,false,IDLE,DORMANT,IDLE,false,0.000,0.000,false,0.000,0.000,0.000,0.000,0.000,-1.000,0.000,
1789507726.206,8211.966,0.000,nil,0.000,false,IDLE,DORMANT,IDLE,false,0.000,0.000,false,0.000,0.000,0.000,0.000,0.000,-1.000,0.000,
1789507726.473,8212.233,0.000,nil,0.000,false,IDLE,DORMANT,IDLE,false,0.000,0.000,false,0.000,0.000,0.000,0.000,0.000,-1.000,0.000,
1789507726.740,8212.501,0.000,nil,0.000,false,IDLE,DORMANT,IDLE,false,0.000,0.000,false,0.000,0.000,0.000,0.000,0.000,-1.000,0.000,
1789507727.006,8212.766,0.000,nil,0.000,false,IDLE,DORMANT,IDLE,false,0.000,0.000,false,0.000,0.000,0.000,0.000,0.000,-1.000,0.000,
1789507727.273,8213.033,0.000,nil,0.000,false,IDLE,DORMANT,IDLE,false,0.000,0.000,false,0.000,0.000,0.000,0.000,0.000,-1.000,0.000,
1789507727.540,8213.299,0.000,nil,0.000,false,IDLE,DORMANT,IDLE,false,0.000,0.000,false,0.000,0.000,0.000,0.000,0.000,-1.000,0.000,
1789507727.807,8213.566,0.000,nil,0.000,false,IDLE,DORMANT,IDLE,false,0.000,0.000,false,0.000,0.000,0.000,0.000,0.000,-1.000,0.000,
1789507728.072,8213.833,0.000,nil,0.000,false,IDLE,DORMANT,IDLE,false,0.000,0.000,false,0.000,0.000,0.000,0.000,0.000,-1.000,0.000,
1789507728.339,8214.100,0.000,nil,0.000,false,IDLE,DORMANT,IDLE,false,0.000,0.000,false,0.000,0.000,0.000,0.000,0.000,-1.000,0.000,
1789507728.607,8214.367,0.000,nil,0.000,false,IDLE,DORMANT,IDLE,false,0.000,0.000,false,0.000,0.000,0.000,0.000,0.000,-1.000,0.000,
1789507728.872,8214.632,0.000,nil,0.000,false,IDLE,DORMANT,IDLE,false,0.000,0.000,false,0.000,0.000,0.000,0.000,0.000,-1.000,0.000,
1789507729.139,8214.900,0.000,nil,0.000,false,IDLE,DORMANT,IDLE,false,0.000,0.000,false,0.000,0.000,0.000,0.000,0.000,-1.000,0.000,
1789507729.405,8215.165,0.000,nil,0.000,false,IDLE,DORMANT,IDLE,false,0.000,0.000,false,0.000,0.000,0.000,0.000,0.000,-1.000,0.000,
1789507729.672,8215.432,0.000,nil,0.000,false,IDLE,DORMANT,IDLE,false,0.000,0.000,false,0.000,0.000,0.000,0.000,0.000,-1.000,0.000,
1789507729.940,8215.699,0.000,nil,0.000,false,IDLE,DORMANT,IDLE,false,0.000,0.000,false,0.000,0.000,0.000,0.000,0.000,-1.000,0.000,
1789507730.206,8215.966,0.000,nil,0.000,false,IDLE,DORMANT,IDLE,false,0.000,0.000,false,0.000,0.000,0.000,0.000,0.000,-1.000,0.000,
1789507730.472,8216.233,0.000,nil,0.000,false,IDLE,DORMANT,IDLE,false,0.000,0.000,false,0.000,0.000,0.000,0.000,0.000,-1.000,0.000,
1789507730.739,8216.499,0.000,nil,0.000,false,IDLE,DORMANT,IDLE,false,0.000,0.000,false,0.000,0.000,0.000,0.000,0.000,-1.000,0.000,
1789507731.006,8216.766,0.000,nil,0.000,false,IDLE,DORMANT,IDLE,false,0.000,0.000,false,0.000,0.000,0.000,0.000,0.000,-1.000,0.000,
1789507731.273,8217.034,0.000,nil,0.000,false,IDLE,DORMANT,IDLE,false,0.000,0.000,false,0.000,0.000,0.000,0.000,0.000,-1.000,0.000,
1789507731.539,8217.299,0.000,nil,0.000,false,IDLE,DORMANT,IDLE,false,0.000,0.000,false,0.000,0.000,0.000,0.000,0.000,-1.000,0.000,
1789507731.806,8217.566,0.000,nil,0.000,false,IDLE,DORMANT,IDLE,false,0.000,0.000,false,0.000,0.000,0.000,0.000,0.000,-1.000,0.000,
1789507732.073,8217.832,0.000,nil,0.000,false,IDLE,DORMANT,IDLE,false,0.000,0.000,false,0.000,0.000,0.000,0.000,0.000,-1.000,0.000,
1789507732.340,8218.100,0.000,nil,0.000,false,IDLE,DORMANT,IDLE,false,0.000,0.000,false,0.000,0.000,0.000,0.000,0.000,-1.000,0.000,
1789507732.606,8218.366,0.000,nil,0.000,false,IDLE,DORMANT,IDLE,false,0.000,0.000,false,0.000,0.000,0.000,0.000,0.000,-1.000,0.000,
1789507732.873,8218.633,0.000,nil,0.000,false,IDLE,DORMANT,IDLE,false,0.000,0.000,false,0.000,0.000,0.000,0.000,0.000,-1.000,0.000,
1789507733.140,8218.900,0.000,nil,0.000,false,IDLE,DORMANT,IDLE,false,0.000,0.000,false,0.000,0.000,0.000,0.000,0.000,-1.000,0.000,
1789507733.406,8219.167,0.000,nil,0.000,false,IDLE,DORMANT,IDLE,false,0.000,0.000,false,0.000,0.000,0.000,0.000,0.000,-1.000,0.000,
1789507733.673,8219.432,0.000,nil,0.000,false,IDLE,DORMANT,IDLE,false,0.000,0.000,false,0.000,0.000,0.000,0.000,0.000,-1.000,0.000,
1789507733.940,8219.700,0.000,nil,0.000,false,IDLE,DORMANT,IDLE,false,0.000,0.000,false,0.000,0.000,0.000,0.000,0.000,-1.000,0.000,
1789507734.207,8219.966,0.000,nil,0.000,false,IDLE,DORMANT,IDLE,false,0.000,0.000,false,0.000,0.000,0.000,0.000,0.000,-1.000,0.000,
1789507734.473,8220.234,0.000,nil,0.000,false,IDLE,DORMANT,IDLE,false,0.000,0.000,false,0.000,0.000,0.000,0.000,0.000,-1.000,0.000,
1789507734.739,8220.499,0.000,nil,0.000,false,IDLE,DORMANT,IDLE,false,0.000,0.000,false,0.000,0.000,0.000,0.000,0.000,-1.000,0.000,
1789507735.006,8220.766,0.000,nil,0.000,false,IDLE,DORMANT,IDLE,false,0.000,0.000,false,0.000,0.000,0.000,0.000,0.000,-1.000,0.000,
1789507735.273,8221.034,0.000,nil,0.000,false,IDLE,DORMANT,IDLE,false,0.000,0.000,false,0.000,0.000,0.000,0.000,0.000,-1.000,0.000,
1789507735.540,8221.300,0.000,nil,0.000,false,IDLE,DORMANT,IDLE,false,0.000,0.000,false,0.000,0.000,0.000,0.000,0.000,-1.000,0.000,
1789507735.807,8221.566,0.000,nil,0.000,false,IDLE,DORMANT,IDLE,false,0.000,0.000,false,0.000,0.000,0.000,0.000,0.000,-1.000,0.000,
1789507736.072,8221.832,0.000,nil,0.000,false,IDLE,DORMANT,IDLE,false,0.000,0.000,false,0.000,0.000,0.000,0.000,0.000,-1.000,0.000,
1789507736.339,8222.099,0.000,nil,0.000,false,IDLE,DORMANT,IDLE,false,0.000,0.000,false,0.000,0.000,0.000,0.000,0.000,-1.000,0.000,
1789507736.606,8222.366,0.000,nil,0.000,false,IDLE,DORMANT,IDLE,false,0.000,0.000,false,0.000,0.000,0.000,0.000,0.000,-1.000,0.000,
1789507736.873,8222.633,0.000,nil,0.000,false,IDLE,DORMANT,IDLE,false,0.000,0.000,false,0.000,0.000,0.000,0.000,0.000,-1.000,0.000,
1789507737.139,8222.899,0.000,nil,0.000,false,IDLE,DORMANT,IDLE,false,0.000,0.000,false,0.000,0.000,0.000,0.000,0.000,-1.000,0.000,
1789507737.405,8223.165,0.000,nil,0.000,false,IDLE,DORMANT,IDLE,false,0.000,0.000,false,0.000,0.000,0.000,0.000,0.000,-1.000,0.000,
1789507737.672,8223.432,0.000,nil,0.000,false,IDLE,DORMANT,IDLE,false,0.000,0.000,false,0.000,0.000,0.000,0.000,0.000,-1.000,0.000,
1789507737.939,8223.699,0.000,nil,0.000,false,IDLE,DORMANT,IDLE,false,0.000,0.000,false,0.000,0.000,0.000,0.000,0.000,-1.000,0.000,
1789507738.207,8223.967,0.000,nil,0.000,false,IDLE,DORMANT,IDLE,false,0.000,0.000,false,0.000,0.000,0.000,0.000,0.000,-1.000,0.000,
1789507738.473,8224.233,0.000,nil,0.000,false,IDLE,DORMANT,IDLE,false,0.000,0.000,false,0.000,0.000,0.000,0.000,0.000,-1.000,0.000,
1789507738.739,8224.499,0.000,nil,0.000,false,IDLE,DORMANT,IDLE,false,0.000,0.000,false,0.000,0.000,0.000,0.000,0.000,-1.000,0.000,
1789507739.006,8224.767,0.000,nil,0.000,false,IDLE,DORMANT,IDLE,false,0.000,0.000,false,0.000,0.000,0.000,0.000,0.000,-1.000,0.000,
1789507739.272,8225.032,0.000,nil,0.000,false,IDLE,DORMANT,IDLE,false,0.000,0.000,false,0.000,0.000,0.000,0.000,0.000,-1.000,0.000,
1789507739.539,8225.299,0.000,nil,0.000,false,IDLE,DORMANT,IDLE,false,0.000,0.000,false,0.000,0.000,0.000,0.000,0.000,-1.000,0.000,
1789507739.806,8225.566,0.000,nil,0.000,false,IDLE,DORMANT,IDLE,false,0.000,0.000,false,0.000,0.000,0.000,0.000,0.000,-1.000,0.000,
1789507740.073,8225.834,0.000,nil,0.000,false,IDLE,DORMANT,IDLE,false,0.000,0.000,false,0.000,0.000,0.000,0.000,0.000,-1.000,0.000,
1789507740.339,8226.100,0.000,nil,0.000,false,IDLE,DORMANT,IDLE,false,0.000,0.000,false,0.000,0.000,0.000,0.000,0.000,-1.000,0.000,
1789507740.605,8226.366,0.000,nil,0.000,false,IDLE,DORMANT,IDLE,false,0.000,0.000,false,0.000,0.000,0.000,0.000,0.000,-1.000,0.000,
1789507740.872,8226.632,0.000,nil,0.000,false,IDLE,DORMANT,IDLE,false,0.000,0.000,false,0.000,0.000,0.000,0.000,0.000,-1.000,0.000,
1789507741.140,8226.901,0.000,nil,0.000,false,IDLE,DORMANT,IDLE,false,0.000,0.000,false,0.000,0.000,0.000,0.000,0.000,-1.000,0.000,
